<diffgr:diffgram xmlns:msdata="urn:schemas-microsoft-com:xml-msdata" xmlns:diffgr="urn:schemas-microsoft-com:xml-diffgram-v1">
  <DSHISTORY>
    <D_History diffgr:id="D_History1" msdata:rowOrder="0" diffgr:hasChanges="inserted">
      <iID>1</iID>
      <iProjectdataID>1</iProjectdataID>
      <szComment />
      <iEditor>0</iEditor>
      <dtUpdateDate>2016-07-31T11:03:37.1024919+08:00</dtUpdateDate>
      <dtFileTimeStamp>2016-07-27T10:21:15.7363057+08:00</dtFileTimeStamp>
      <dtFileUpdateDate>2016-07-31T11:03:37.1024919+08:00</dtFileUpdateDate>
      <iFileSize>554</iFileSize>
      <szMD5val>PpkC8QxjvAD9CfIvXEsJsg==</szMD5val>
      <szProjectdataName>16-405_20160727.prj</szProjectdataName>
    </D_History>
    <D_History diffgr:id="D_History2" msdata:rowOrder="1" diffgr:hasChanges="inserted">
      <iID>2</iID>
      <iProjectdataID>2</iProjectdataID>
      <szComment />
      <iEditor>0</iEditor>
      <dtUpdateDate>2016-07-27T10:21:15.7503152+08:00</dtUpdateDate>
      <dtFileTimeStamp>2016-07-27T10:21:15.7503152+08:00</dtFileTimeStamp>
      <dtFileUpdateDate>2016-07-27T10:21:15.7503152+08:00</dtFileUpdateDate>
      <iFileSize>62</iFileSize>
      <szMD5val>1xPqw/hEMUaKB/2rfbryfA==</szMD5val>
      <szProjectdataName>0101000000000002.col</szProjectdataName>
    </D_History>
    <D_History diffgr:id="D_History3" msdata:rowOrder="2" diffgr:hasChanges="inserted">
      <iID>3</iID>
      <iProjectdataID>3</iProjectdataID>
      <szComment />
      <iEditor>0</iEditor>
      <dtUpdateDate>2016-07-28T10:26:22.9644255+08:00</dtUpdateDate>
      <dtFileTimeStamp>2016-07-27T10:21:15.7583214+08:00</dtFileTimeStamp>
      <dtFileUpdateDate>2016-07-28T10:26:22.9644255+08:00</dtFileUpdateDate>
      <iFileSize>62</iFileSize>
      <szMD5val>Cvgi+T8CNmKMNTO+/drcWQ==</szMD5val>
      <szProjectdataName>0101000000000003.col</szProjectdataName>
    </D_History>
    <D_History diffgr:id="D_History4" msdata:rowOrder="3" diffgr:hasChanges="inserted">
      <iID>4</iID>
      <iProjectdataID>4</iProjectdataID>
      <szComment />
      <iEditor>0</iEditor>
      <dtUpdateDate>2016-07-28T10:26:22.9824471+08:00</dtUpdateDate>
      <dtFileTimeStamp>2016-07-27T10:21:15.7673273+08:00</dtFileTimeStamp>
      <dtFileUpdateDate>2016-07-28T10:26:22.9824471+08:00</dtFileUpdateDate>
      <iFileSize>62</iFileSize>
      <szMD5val>Cvgi+T8CNmKMNTO+/drcWQ==</szMD5val>
      <szProjectdataName>0101000000000004.col</szProjectdataName>
    </D_History>
    <D_History diffgr:id="D_History5" msdata:rowOrder="4" diffgr:hasChanges="inserted">
      <iID>5</iID>
      <iProjectdataID>5</iProjectdataID>
      <szComment />
      <iEditor>0</iEditor>
      <dtUpdateDate>2016-07-27T10:21:15.7803379+08:00</dtUpdateDate>
      <dtFileTimeStamp>2016-07-27T10:21:15.7803379+08:00</dtFileTimeStamp>
      <dtFileUpdateDate>2016-07-27T10:21:15.7803379+08:00</dtFileUpdateDate>
      <iFileSize>62</iFileSize>
      <szMD5val>x8ejEfERb7vONgF7QT+tGA==</szMD5val>
      <szProjectdataName>0101000000000005.col</szProjectdataName>
    </D_History>
    <D_History diffgr:id="D_History6" msdata:rowOrder="5" diffgr:hasChanges="inserted">
      <iID>6</iID>
      <iProjectdataID>6</iProjectdataID>
      <szComment />
      <iEditor>0</iEditor>
      <dtUpdateDate>2016-07-27T10:21:15.7913448+08:00</dtUpdateDate>
      <dtFileTimeStamp>2016-07-27T10:21:15.7913448+08:00</dtFileTimeStamp>
      <dtFileUpdateDate>2016-07-27T10:21:15.7913448+08:00</dtFileUpdateDate>
      <iFileSize>24</iFileSize>
      <szMD5val>Qdipju1/KLWlZHfdxFBA4g==</szMD5val>
      <szProjectdataName>0101000000000006.col</szProjectdataName>
    </D_History>
    <D_History diffgr:id="D_History7" msdata:rowOrder="6" diffgr:hasChanges="inserted">
      <iID>7</iID>
      <iProjectdataID>7</iProjectdataID>
      <szComment />
      <iEditor>0</iEditor>
      <dtUpdateDate>2016-07-27T10:21:15.8043536+08:00</dtUpdateDate>
      <dtFileTimeStamp>2016-07-27T10:21:15.8043536+08:00</dtFileTimeStamp>
      <dtFileUpdateDate>2016-07-27T10:21:15.8043536+08:00</dtFileUpdateDate>
      <iFileSize>24</iFileSize>
      <szMD5val>Qdipju1/KLWlZHfdxFBA4g==</szMD5val>
      <szProjectdataName>0101000000000007.col</szProjectdataName>
    </D_History>
    <D_History diffgr:id="D_History8" msdata:rowOrder="7" diffgr:hasChanges="inserted">
      <iID>8</iID>
      <iProjectdataID>8</iProjectdataID>
      <szComment />
      <iEditor>0</iEditor>
      <dtUpdateDate>2016-07-27T10:21:15.8183645+08:00</dtUpdateDate>
      <dtFileTimeStamp>2016-07-27T10:21:15.8183645+08:00</dtFileTimeStamp>
      <dtFileUpdateDate>2016-07-27T10:21:15.8183645+08:00</dtFileUpdateDate>
      <iFileSize>24</iFileSize>
      <szMD5val>l3gqj+dw20a+yjmTHBQOEQ==</szMD5val>
      <szProjectdataName>0101000000000008.col</szProjectdataName>
    </D_History>
    <D_History diffgr:id="D_History9" msdata:rowOrder="8" diffgr:hasChanges="inserted">
      <iID>9</iID>
      <iProjectdataID>9</iProjectdataID>
      <szComment />
      <iEditor>0</iEditor>
      <dtUpdateDate>2016-07-27T10:21:15.8343749+08:00</dtUpdateDate>
      <dtFileTimeStamp>2016-07-27T10:21:15.8343749+08:00</dtFileTimeStamp>
      <dtFileUpdateDate>2016-07-27T10:21:15.8343749+08:00</dtFileUpdateDate>
      <iFileSize>62</iFileSize>
      <szMD5val>1xPqw/hEMUaKB/2rfbryfA==</szMD5val>
      <szProjectdataName>0101000000000009.col</szProjectdataName>
    </D_History>
    <D_History diffgr:id="D_History10" msdata:rowOrder="9" diffgr:hasChanges="inserted">
      <iID>10</iID>
      <iProjectdataID>10</iProjectdataID>
      <szComment />
      <iEditor>0</iEditor>
      <dtUpdateDate>2016-07-27T11:49:35.5276575+08:00</dtUpdateDate>
      <dtFileTimeStamp>2016-07-27T10:21:15.8513875+08:00</dtFileTimeStamp>
      <dtFileUpdateDate>2016-07-27T11:49:35.5276575+08:00</dtFileUpdateDate>
      <iFileSize>62</iFileSize>
      <szMD5val>NYAZ8evBXXh7qZBtX7KM5A==</szMD5val>
      <szProjectdataName>010100000000000A.col</szProjectdataName>
    </D_History>
    <D_History diffgr:id="D_History11" msdata:rowOrder="10" diffgr:hasChanges="inserted">
      <iID>11</iID>
      <iProjectdataID>11</iProjectdataID>
      <szComment />
      <iEditor>0</iEditor>
      <dtUpdateDate>2016-07-27T10:21:15.8694003+08:00</dtUpdateDate>
      <dtFileTimeStamp>2016-07-27T10:21:15.8694003+08:00</dtFileTimeStamp>
      <dtFileUpdateDate>2016-07-27T10:21:15.8694003+08:00</dtFileUpdateDate>
      <iFileSize>24</iFileSize>
      <szMD5val>UKfOYGUsRE0RzOENVMqjew==</szMD5val>
      <szProjectdataName>010100000000000B.col</szProjectdataName>
    </D_History>
    <D_History diffgr:id="D_History12" msdata:rowOrder="11" diffgr:hasChanges="inserted">
      <iID>12</iID>
      <iProjectdataID>12</iProjectdataID>
      <szComment />
      <iEditor>0</iEditor>
      <dtUpdateDate>2016-07-31T01:21:04.184337+08:00</dtUpdateDate>
      <dtFileTimeStamp>2016-07-27T10:21:15.8994212+08:00</dtFileTimeStamp>
      <dtFileUpdateDate>2016-07-31T01:21:04.184337+08:00</dtFileUpdateDate>
      <iFileSize>53064</iFileSize>
      <szMD5val>RwdNlVS6HQ2VQx3orMUKgw==</szMD5val>
      <szProjectdataName>MAIN.res</szProjectdataName>
    </D_History>
    <D_History diffgr:id="D_History13" msdata:rowOrder="12" diffgr:hasChanges="inserted">
      <iID>13</iID>
      <iProjectdataID>13</iProjectdataID>
      <szComment />
      <iEditor>0</iEditor>
      <dtUpdateDate>2016-07-31T01:21:04.1863371+08:00</dtUpdateDate>
      <dtFileTimeStamp>2016-07-27T10:21:15.9164332+08:00</dtFileTimeStamp>
      <dtFileUpdateDate>2016-07-31T01:21:04.1863371+08:00</dtFileUpdateDate>
      <iFileSize>116</iFileSize>
      <szMD5val>CNmwljOpacxxhrrxgDBZxA==</szMD5val>
      <szProjectdataName>Task_01.tsk</szProjectdataName>
    </D_History>
    <D_History diffgr:id="D_History14" msdata:rowOrder="13" diffgr:hasChanges="inserted">
      <iID>14</iID>
      <iProjectdataID>14</iProjectdataID>
      <szComment />
      <iEditor>0</iEditor>
      <dtUpdateDate>2016-07-31T01:21:04.1883372+08:00</dtUpdateDate>
      <dtFileTimeStamp>2016-07-27T10:21:15.9354663+08:00</dtFileTimeStamp>
      <dtFileUpdateDate>2016-07-31T01:21:04.1883372+08:00</dtFileUpdateDate>
      <iFileSize>398</iFileSize>
      <szMD5val>G0gzPpxpEXkB5q3IjPp/3w==</szMD5val>
      <szProjectdataName>First.str</szProjectdataName>
    </D_History>
    <D_History diffgr:id="D_History15" msdata:rowOrder="14" diffgr:hasChanges="inserted">
      <iID>15</iID>
      <iProjectdataID>15</iProjectdataID>
      <szComment />
      <iEditor>0</iEditor>
      <dtUpdateDate>2016-07-31T01:21:04.1903373+08:00</dtUpdateDate>
      <dtFileTimeStamp>2016-07-27T10:21:15.9614652+08:00</dtFileTimeStamp>
      <dtFileUpdateDate>2016-07-31T01:21:04.1903373+08:00</dtFileUpdateDate>
      <iFileSize>408</iFileSize>
      <szMD5val>U6xPx9PCzJ8vwoDkv30SjQ==</szMD5val>
      <szProjectdataName>Second.str</szProjectdataName>
    </D_History>
    <D_History diffgr:id="D_History16" msdata:rowOrder="15" diffgr:hasChanges="inserted">
      <iID>16</iID>
      <iProjectdataID>16</iProjectdataID>
      <szComment />
      <iEditor>0</iEditor>
      <dtUpdateDate>2016-07-31T01:21:04.1923374+08:00</dtUpdateDate>
      <dtFileTimeStamp>2016-07-27T10:21:15.9854818+08:00</dtFileTimeStamp>
      <dtFileUpdateDate>2016-07-31T01:21:04.1923374+08:00</dtFileUpdateDate>
      <iFileSize>5278</iFileSize>
      <szMD5val>PUYPIka3QznBuGz0q1otYw==</szMD5val>
      <szProjectdataName>DeltaServo_IO.gh</szProjectdataName>
    </D_History>
    <D_History diffgr:id="D_History17" msdata:rowOrder="16" diffgr:hasChanges="inserted">
      <iID>17</iID>
      <iProjectdataID>17</iProjectdataID>
      <szComment />
      <iEditor>0</iEditor>
      <dtUpdateDate>2016-07-31T01:21:04.1933375+08:00</dtUpdateDate>
      <dtFileTimeStamp>2016-07-27T10:21:16.0205095+08:00</dtFileTimeStamp>
      <dtFileUpdateDate>2016-07-31T01:21:04.1933375+08:00</dtFileUpdateDate>
      <iFileSize>948</iFileSize>
      <szMD5val>DSDZ+g7tMNo77OWYhRp26Q==</szMD5val>
      <szProjectdataName>ERROR.gh</szProjectdataName>
    </D_History>
    <D_History diffgr:id="D_History18" msdata:rowOrder="17" diffgr:hasChanges="inserted">
      <iID>18</iID>
      <iProjectdataID>18</iProjectdataID>
      <szComment />
      <iEditor>0</iEditor>
      <dtUpdateDate>2016-07-31T01:21:04.1953376+08:00</dtUpdateDate>
      <dtFileTimeStamp>2016-07-27T10:21:16.0655392+08:00</dtFileTimeStamp>
      <dtFileUpdateDate>2016-07-31T01:21:04.1953376+08:00</dtFileUpdateDate>
      <iFileSize>390</iFileSize>
      <szMD5val>TOPQEcBDdk/7/ffaZ1axzA==</szMD5val>
      <szProjectdataName>Global1.gh</szProjectdataName>
    </D_History>
    <D_History diffgr:id="D_History19" msdata:rowOrder="18" diffgr:hasChanges="inserted">
      <iID>19</iID>
      <iProjectdataID>19</iProjectdataID>
      <szComment />
      <iEditor>0</iEditor>
      <dtUpdateDate>2016-07-31T01:21:04.1963377+08:00</dtUpdateDate>
      <dtFileTimeStamp>2016-07-27T10:21:16.0855548+08:00</dtFileTimeStamp>
      <dtFileUpdateDate>2016-07-31T01:21:04.1963377+08:00</dtFileUpdateDate>
      <iFileSize>1968</iFileSize>
      <szMD5val>gLhyw8tiOlW4FF3x3kBj6g==</szMD5val>
      <szProjectdataName>HMI.gh</szProjectdataName>
    </D_History>
    <D_History diffgr:id="D_History20" msdata:rowOrder="19" diffgr:hasChanges="inserted">
      <iID>20</iID>
      <iProjectdataID>20</iProjectdataID>
      <szComment />
      <iEditor>0</iEditor>
      <dtUpdateDate>2016-07-31T01:21:04.1983378+08:00</dtUpdateDate>
      <dtFileTimeStamp>2016-07-27T10:21:16.1105758+08:00</dtFileTimeStamp>
      <dtFileUpdateDate>2016-07-31T01:21:04.1983378+08:00</dtFileUpdateDate>
      <iFileSize>3016</iFileSize>
      <szMD5val>LgX/x9EYV3NJIcCmVA+BAw==</szMD5val>
      <szProjectdataName>IO.gh</szProjectdataName>
    </D_History>
    <D_History diffgr:id="D_History21" msdata:rowOrder="20" diffgr:hasChanges="inserted">
      <iID>21</iID>
      <iProjectdataID>21</iProjectdataID>
      <szComment />
      <iEditor>0</iEditor>
      <dtUpdateDate>2016-07-31T01:21:04.1993378+08:00</dtUpdateDate>
      <dtFileTimeStamp>2016-07-27T10:21:16.1355889+08:00</dtFileTimeStamp>
      <dtFileUpdateDate>2016-07-31T01:21:04.1993378+08:00</dtFileUpdateDate>
      <iFileSize>1394</iFileSize>
      <szMD5val>DYpCHwIDYfHHxmjB3G59FA==</szMD5val>
      <szProjectdataName>Status.gh</szProjectdataName>
    </D_History>
    <D_History diffgr:id="D_History22" msdata:rowOrder="21" diffgr:hasChanges="inserted">
      <iID>22</iID>
      <iProjectdataID>22</iProjectdataID>
      <szComment />
      <iEditor>0</iEditor>
      <dtUpdateDate>2016-07-31T01:21:04.2073383+08:00</dtUpdateDate>
      <dtFileTimeStamp>2016-07-27T10:21:16.16261+08:00</dtFileTimeStamp>
      <dtFileUpdateDate>2016-07-31T01:21:04.2073383+08:00</dtFileUpdateDate>
      <iFileSize>828</iFileSize>
      <szMD5val>DywrPdbViIXrOl8OdmBGIA==</szMD5val>
      <szProjectdataName>Clear_Type.Labels.lh</szProjectdataName>
    </D_History>
    <D_History diffgr:id="D_History23" msdata:rowOrder="22" diffgr:hasChanges="inserted">
      <iID>23</iID>
      <iProjectdataID>23</iProjectdataID>
      <szComment />
      <iEditor>0</iEditor>
      <dtUpdateDate>2016-07-31T01:21:04.2103385+08:00</dtUpdateDate>
      <dtFileTimeStamp>2016-07-27T10:21:16.1906281+08:00</dtFileTimeStamp>
      <dtFileUpdateDate>2016-07-31T01:21:04.2103385+08:00</dtFileUpdateDate>
      <iFileSize>5057</iFileSize>
      <szMD5val>akBBj4jcyoAUpmTR+0bnyQ==</szMD5val>
      <szProjectdataName>Clear_Type.Program.pou</szProjectdataName>
    </D_History>
    <D_History diffgr:id="D_History24" msdata:rowOrder="23" diffgr:hasChanges="inserted">
      <iID>24</iID>
      <iProjectdataID>24</iProjectdataID>
      <szComment />
      <iEditor>0</iEditor>
      <dtUpdateDate>2016-07-31T01:21:04.2123386+08:00</dtUpdateDate>
      <dtFileTimeStamp>2016-07-27T10:21:16.2106437+08:00</dtFileTimeStamp>
      <dtFileUpdateDate>2016-07-31T01:21:04.2123386+08:00</dtFileUpdateDate>
      <iFileSize>7956</iFileSize>
      <szMD5val>WZJ/X4V07D1vkPNgyyGzVg==</szMD5val>
      <szProjectdataName>First_Screw1.Labels.lh</szProjectdataName>
    </D_History>
    <D_History diffgr:id="D_History25" msdata:rowOrder="24" diffgr:hasChanges="inserted">
      <iID>25</iID>
      <iProjectdataID>25</iProjectdataID>
      <szComment />
      <iEditor>0</iEditor>
      <dtUpdateDate>2016-07-31T01:21:04.2143387+08:00</dtUpdateDate>
      <dtFileTimeStamp>2016-07-27T10:21:16.2316567+08:00</dtFileTimeStamp>
      <dtFileUpdateDate>2016-07-31T01:21:04.2143387+08:00</dtFileUpdateDate>
      <iFileSize>41757</iFileSize>
      <szMD5val>9KrkRVNIhOiFAAHNPD6Bkg==</szMD5val>
      <szProjectdataName>First_Screw1.Program.pou</szProjectdataName>
    </D_History>
    <D_History diffgr:id="D_History26" msdata:rowOrder="25" diffgr:hasChanges="inserted">
      <iID>26</iID>
      <iProjectdataID>26</iProjectdataID>
      <szComment />
      <iEditor>0</iEditor>
      <dtUpdateDate>2016-07-31T01:21:04.2163388+08:00</dtUpdateDate>
      <dtFileTimeStamp>2016-07-27T10:21:16.2626792+08:00</dtFileTimeStamp>
      <dtFileUpdateDate>2016-07-31T01:21:04.2163388+08:00</dtFileUpdateDate>
      <iFileSize>244</iFileSize>
      <szMD5val>F5VtII2xaGi5KTElh+oooQ==</szMD5val>
      <szProjectdataName>JobSelectProg.Labels.lh</szProjectdataName>
    </D_History>
    <D_History diffgr:id="D_History27" msdata:rowOrder="26" diffgr:hasChanges="inserted">
      <iID>27</iID>
      <iProjectdataID>27</iProjectdataID>
      <szComment />
      <iEditor>0</iEditor>
      <dtUpdateDate>2016-07-31T01:21:04.2183389+08:00</dtUpdateDate>
      <dtFileTimeStamp>2016-07-27T10:21:16.2827131+08:00</dtFileTimeStamp>
      <dtFileUpdateDate>2016-07-31T01:21:04.2183389+08:00</dtFileUpdateDate>
      <iFileSize>849</iFileSize>
      <szMD5val>3uDdYBXQ3wMv+CBgJSp0+g==</szMD5val>
      <szProjectdataName>JobSelectProg.Program.pou</szProjectdataName>
    </D_History>
    <D_History diffgr:id="D_History28" msdata:rowOrder="27" diffgr:hasChanges="inserted">
      <iID>28</iID>
      <iProjectdataID>28</iProjectdataID>
      <szComment />
      <iEditor>0</iEditor>
      <dtUpdateDate>2016-07-31T01:21:04.2203391+08:00</dtUpdateDate>
      <dtFileTimeStamp>2016-07-27T10:21:16.3027226+08:00</dtFileTimeStamp>
      <dtFileUpdateDate>2016-07-31T01:21:04.2203391+08:00</dtFileUpdateDate>
      <iFileSize>5018</iFileSize>
      <szMD5val>+7RtKmGITzswJXcOZrj6NA==</szMD5val>
      <szProjectdataName>Manually.Labels.lh</szProjectdataName>
    </D_History>
    <D_History diffgr:id="D_History29" msdata:rowOrder="28" diffgr:hasChanges="inserted">
      <iID>29</iID>
      <iProjectdataID>29</iProjectdataID>
      <szComment />
      <iEditor>0</iEditor>
      <dtUpdateDate>2016-07-31T01:21:04.2223392+08:00</dtUpdateDate>
      <dtFileTimeStamp>2016-07-27T10:21:16.3237422+08:00</dtFileTimeStamp>
      <dtFileUpdateDate>2016-07-31T01:21:04.2223392+08:00</dtFileUpdateDate>
      <iFileSize>34557</iFileSize>
      <szMD5val>hmIBbI2WypWuVrTWSe2+Qg==</szMD5val>
      <szProjectdataName>Manually.Program.pou</szProjectdataName>
    </D_History>
    <D_History diffgr:id="D_History30" msdata:rowOrder="29" diffgr:hasChanges="inserted">
      <iID>30</iID>
      <iProjectdataID>30</iProjectdataID>
      <szComment />
      <iEditor>0</iEditor>
      <dtUpdateDate>2016-07-31T01:21:04.2243393+08:00</dtUpdateDate>
      <dtFileTimeStamp>2016-07-27T10:21:16.3437527+08:00</dtFileTimeStamp>
      <dtFileUpdateDate>2016-07-31T01:21:04.2243393+08:00</dtFileUpdateDate>
      <iFileSize>240</iFileSize>
      <szMD5val>NzGAR4SXY2SrhjeyxkfNGg==</szMD5val>
      <szProjectdataName>Parameter_Change.Labels.lh</szProjectdataName>
    </D_History>
    <D_History diffgr:id="D_History31" msdata:rowOrder="30" diffgr:hasChanges="inserted">
      <iID>31</iID>
      <iProjectdataID>31</iProjectdataID>
      <szComment />
      <iEditor>0</iEditor>
      <dtUpdateDate>2016-07-31T01:21:04.2273395+08:00</dtUpdateDate>
      <dtFileTimeStamp>2016-07-27T10:21:16.3637506+08:00</dtFileTimeStamp>
      <dtFileUpdateDate>2016-07-31T01:21:04.2273395+08:00</dtFileUpdateDate>
      <iFileSize>17435</iFileSize>
      <szMD5val>5hhdQkdBqaIBf3FdFY8B0g==</szMD5val>
      <szProjectdataName>Parameter_Change.Program.pou</szProjectdataName>
    </D_History>
    <D_History diffgr:id="D_History32" msdata:rowOrder="31" diffgr:hasChanges="inserted">
      <iID>32</iID>
      <iProjectdataID>32</iProjectdataID>
      <szComment />
      <iEditor>0</iEditor>
      <dtUpdateDate>2016-07-31T11:03:37.1524948+08:00</dtUpdateDate>
      <dtFileTimeStamp>2016-07-27T10:21:16.3837718+08:00</dtFileTimeStamp>
      <dtFileUpdateDate>2016-07-31T11:03:37.1524948+08:00</dtFileUpdateDate>
      <iFileSize>6200</iFileSize>
      <szMD5val>vWWirFw/J5MFWsxSnwIWzQ==</szMD5val>
      <szProjectdataName>POU_01.Labels.lh</szProjectdataName>
    </D_History>
    <D_History diffgr:id="D_History33" msdata:rowOrder="32" diffgr:hasChanges="inserted">
      <iID>33</iID>
      <iProjectdataID>33</iProjectdataID>
      <szComment />
      <iEditor>0</iEditor>
      <dtUpdateDate>2016-07-31T11:03:37.1544949+08:00</dtUpdateDate>
      <dtFileTimeStamp>2016-07-27T10:21:16.4047993+08:00</dtFileTimeStamp>
      <dtFileUpdateDate>2016-07-31T11:03:37.1544949+08:00</dtFileUpdateDate>
      <iFileSize>44011</iFileSize>
      <szMD5val>PNlabjER7BuZo86L9lqbaQ==</szMD5val>
      <szProjectdataName>POU_01.Program.pou</szProjectdataName>
    </D_History>
    <D_History diffgr:id="D_History34" msdata:rowOrder="33" diffgr:hasChanges="inserted">
      <iID>34</iID>
      <iProjectdataID>34</iProjectdataID>
      <szComment />
      <iEditor>0</iEditor>
      <dtUpdateDate>2016-07-31T01:21:04.2343399+08:00</dtUpdateDate>
      <dtFileTimeStamp>2016-07-27T10:21:16.4247954+08:00</dtFileTimeStamp>
      <dtFileUpdateDate>2016-07-31T01:21:04.2343399+08:00</dtFileUpdateDate>
      <iFileSize>2670</iFileSize>
      <szMD5val>rB41O2xQzdW/YGF6qauQiw==</szMD5val>
      <szProjectdataName>Reverse.Labels.lh</szProjectdataName>
    </D_History>
    <D_History diffgr:id="D_History35" msdata:rowOrder="34" diffgr:hasChanges="inserted">
      <iID>35</iID>
      <iProjectdataID>35</iProjectdataID>
      <szComment />
      <iEditor>0</iEditor>
      <dtUpdateDate>2016-07-31T01:21:04.23634+08:00</dtUpdateDate>
      <dtFileTimeStamp>2016-07-27T10:21:16.4448082+08:00</dtFileTimeStamp>
      <dtFileUpdateDate>2016-07-31T01:21:04.23634+08:00</dtFileUpdateDate>
      <iFileSize>11407</iFileSize>
      <szMD5val>Ko9GhjSxWjSaXYwR8YqpDQ==</szMD5val>
      <szProjectdataName>Reverse.Program.pou</szProjectdataName>
    </D_History>
    <D_History diffgr:id="D_History36" msdata:rowOrder="35" diffgr:hasChanges="inserted">
      <iID>36</iID>
      <iProjectdataID>36</iProjectdataID>
      <szComment />
      <iEditor>0</iEditor>
      <dtUpdateDate>2016-07-31T01:21:04.2383401+08:00</dtUpdateDate>
      <dtFileTimeStamp>2016-07-27T10:21:16.4668443+08:00</dtFileTimeStamp>
      <dtFileUpdateDate>2016-07-31T01:21:04.2383401+08:00</dtFileUpdateDate>
      <iFileSize>8062</iFileSize>
      <szMD5val>h48Ea7qacGAoLyF/56ub3g==</szMD5val>
      <szProjectdataName>Second_Screw1.Labels.lh</szProjectdataName>
    </D_History>
    <D_History diffgr:id="D_History37" msdata:rowOrder="36" diffgr:hasChanges="inserted">
      <iID>37</iID>
      <iProjectdataID>37</iProjectdataID>
      <szComment />
      <iEditor>0</iEditor>
      <dtUpdateDate>2016-07-31T01:21:04.2403402+08:00</dtUpdateDate>
      <dtFileTimeStamp>2016-07-27T10:21:16.4888409+08:00</dtFileTimeStamp>
      <dtFileUpdateDate>2016-07-31T01:21:04.2403402+08:00</dtFileUpdateDate>
      <iFileSize>44511</iFileSize>
      <szMD5val>fV3hbmqR1ABJoYJO94WJhw==</szMD5val>
      <szProjectdataName>Second_Screw1.Program.pou</szProjectdataName>
    </D_History>
    <D_History diffgr:id="D_History38" msdata:rowOrder="37" diffgr:hasChanges="inserted">
      <iID>38</iID>
      <iProjectdataID>38</iProjectdataID>
      <szComment />
      <iEditor>0</iEditor>
      <dtUpdateDate>2016-07-31T01:21:04.2423403+08:00</dtUpdateDate>
      <dtFileTimeStamp>2016-07-27T10:21:16.5108551+08:00</dtFileTimeStamp>
      <dtFileUpdateDate>2016-07-31T01:21:04.2423403+08:00</dtFileUpdateDate>
      <iFileSize>468</iFileSize>
      <szMD5val>H1VBY/dbmQO8oLSRw9U+PQ==</szMD5val>
      <szProjectdataName>Switch_Set.Labels.lh</szProjectdataName>
    </D_History>
    <D_History diffgr:id="D_History39" msdata:rowOrder="38" diffgr:hasChanges="inserted">
      <iID>39</iID>
      <iProjectdataID>39</iProjectdataID>
      <szComment />
      <iEditor>0</iEditor>
      <dtUpdateDate>2016-07-31T01:21:04.2443404+08:00</dtUpdateDate>
      <dtFileTimeStamp>2016-07-27T10:21:16.5318901+08:00</dtFileTimeStamp>
      <dtFileUpdateDate>2016-07-31T01:21:04.2443404+08:00</dtFileUpdateDate>
      <iFileSize>5989</iFileSize>
      <szMD5val>WY2u+BJduXO8pe+Lrnhf4w==</szMD5val>
      <szProjectdataName>Switch_Set.Program.pou</szProjectdataName>
    </D_History>
    <D_History diffgr:id="D_History40" msdata:rowOrder="39" diffgr:hasChanges="inserted">
      <iID>40</iID>
      <iProjectdataID>40</iProjectdataID>
      <szComment />
      <iEditor>0</iEditor>
      <dtUpdateDate>2016-07-27T10:21:16.5539053+08:00</dtUpdateDate>
      <dtFileTimeStamp>2016-07-27T10:21:16.5539053+08:00</dtFileTimeStamp>
      <dtFileUpdateDate>2016-07-27T10:21:16.5539053+08:00</dtFileUpdateDate>
      <iFileSize>1100</iFileSize>
      <szMD5val>8lIaVNy9oL1vhYH789RgAQ==</szMD5val>
      <szProjectdataName>Param.wpa</szProjectdataName>
    </D_History>
    <D_History diffgr:id="D_History41" msdata:rowOrder="40" diffgr:hasChanges="inserted">
      <iID>41</iID>
      <iProjectdataID>41</iProjectdataID>
      <szComment />
      <iEditor>0</iEditor>
      <dtUpdateDate>2016-07-27T13:29:51.7738551+08:00</dtUpdateDate>
      <dtFileTimeStamp>2016-07-27T10:21:16.5739092+08:00</dtFileTimeStamp>
      <dtFileUpdateDate>2016-07-27T13:29:51.7738551+08:00</dtFileUpdateDate>
      <iFileSize>38</iFileSize>
      <szMD5val>gZYoaum97zl+Ic6O0S39kg==</szMD5val>
      <szProjectdataName>Param.lup</szProjectdataName>
    </D_History>
    <D_History diffgr:id="D_History42" msdata:rowOrder="41" diffgr:hasChanges="inserted">
      <iID>42</iID>
      <iProjectdataID>42</iProjectdataID>
      <szComment />
      <iEditor>0</iEditor>
      <dtUpdateDate>2016-07-27T10:21:16.5949344+08:00</dtUpdateDate>
      <dtFileTimeStamp>2016-07-27T10:21:16.5949344+08:00</dtFileTimeStamp>
      <dtFileUpdateDate>2016-07-27T10:21:16.5949344+08:00</dtFileUpdateDate>
      <iFileSize>60</iFileSize>
      <szMD5val>Q8V45CxPUe8tIvNBPoW5FA==</szMD5val>
      <szProjectdataName>COMMENT.qcd</szProjectdataName>
    </D_History>
    <D_History diffgr:id="D_History43" msdata:rowOrder="42" diffgr:hasChanges="inserted">
      <iID>43</iID>
      <iProjectdataID>43</iProjectdataID>
      <szComment />
      <iEditor>0</iEditor>
      <dtUpdateDate>2016-07-27T10:21:16.6189342+08:00</dtUpdateDate>
      <dtFileTimeStamp>2016-07-27T10:21:16.6189342+08:00</dtFileTimeStamp>
      <dtFileUpdateDate>2016-07-27T10:21:16.6189342+08:00</dtFileUpdateDate>
      <iFileSize>109332</iFileSize>
      <szMD5val>5XYVgWR8Huwp0EFXDu1MIQ==</szMD5val>
      <szProjectdataName>MAIN.qdv</szProjectdataName>
    </D_History>
    <D_History diffgr:id="D_History44" msdata:rowOrder="43" diffgr:hasChanges="inserted">
      <iID>44</iID>
      <iProjectdataID>44</iProjectdataID>
      <szComment />
      <iEditor>0</iEditor>
      <dtUpdateDate>2016-07-27T10:21:16.6389484+08:00</dtUpdateDate>
      <dtFileTimeStamp>2016-07-27T10:21:16.6389484+08:00</dtFileTimeStamp>
      <dtFileUpdateDate>2016-07-27T10:21:16.6389484+08:00</dtFileUpdateDate>
      <iFileSize>0</iFileSize>
      <szMD5val>1B2M2Y8AsgTpgAmY7PhCfg==</szMD5val>
      <szProjectdataName>AUTOEXEC.wbt</szProjectdataName>
    </D_History>
    <D_History diffgr:id="D_History45" msdata:rowOrder="44" diffgr:hasChanges="inserted">
      <iID>45</iID>
      <iProjectdataID>45</iProjectdataID>
      <szComment />
      <iEditor>0</iEditor>
      <dtUpdateDate>2016-07-27T10:21:16.6599806+08:00</dtUpdateDate>
      <dtFileTimeStamp>2016-07-27T10:21:16.6599806+08:00</dtFileTimeStamp>
      <dtFileUpdateDate>2016-07-27T10:21:16.6599806+08:00</dtFileUpdateDate>
      <iFileSize>100</iFileSize>
      <szMD5val>bQuwCVTOt/vuQ2u1WoOXqQ==</szMD5val>
      <szProjectdataName>00000000.qtm</szProjectdataName>
    </D_History>
    <D_History diffgr:id="D_History46" msdata:rowOrder="45" diffgr:hasChanges="inserted">
      <iID>46</iID>
      <iProjectdataID>46</iProjectdataID>
      <szComment />
      <iEditor>0</iEditor>
      <dtUpdateDate>2016-07-27T10:21:16.6809965+08:00</dtUpdateDate>
      <dtFileTimeStamp>2016-07-27T10:21:16.6809965+08:00</dtFileTimeStamp>
      <dtFileUpdateDate>2016-07-27T10:21:16.6809965+08:00</dtFileUpdateDate>
      <iFileSize>96</iFileSize>
      <szMD5val>9S0WMowMf9hZl4K5TbbsrA==</szMD5val>
      <szProjectdataName>Counter.lif</szProjectdataName>
    </D_History>
    <D_History diffgr:id="D_History47" msdata:rowOrder="46" diffgr:hasChanges="inserted">
      <iID>47</iID>
      <iProjectdataID>47</iProjectdataID>
      <szComment />
      <iEditor>0</iEditor>
      <dtUpdateDate>2016-07-27T10:21:16.7019914+08:00</dtUpdateDate>
      <dtFileTimeStamp>2016-07-27T10:21:16.7019914+08:00</dtFileTimeStamp>
      <dtFileUpdateDate>2016-07-27T10:21:16.7019914+08:00</dtFileUpdateDate>
      <iFileSize>134</iFileSize>
      <szMD5val>9mHWfP3+SjaqTy36Org14w==</szMD5val>
      <szProjectdataName>0155000000000000\Counter.col</szProjectdataName>
    </D_History>
    <D_History diffgr:id="D_History48" msdata:rowOrder="47" diffgr:hasChanges="inserted">
      <iID>48</iID>
      <iProjectdataID>48</iProjectdataID>
      <szComment />
      <iEditor>0</iEditor>
      <dtUpdateDate>2016-07-27T10:21:16.7230058+08:00</dtUpdateDate>
      <dtFileTimeStamp>2016-07-27T10:21:16.7230058+08:00</dtFileTimeStamp>
      <dtFileUpdateDate>2016-07-27T10:21:16.7230058+08:00</dtFileUpdateDate>
      <iFileSize>116</iFileSize>
      <szMD5val>6kS3scYK+sLBS9l2KlOivg==</szMD5val>
      <szProjectdataName>0154000000000000\Counter.col</szProjectdataName>
    </D_History>
    <D_History diffgr:id="D_History49" msdata:rowOrder="48" diffgr:hasChanges="inserted">
      <iID>49</iID>
      <iProjectdataID>49</iProjectdataID>
      <szComment />
      <iEditor>0</iEditor>
      <dtUpdateDate>2016-07-31T01:21:04.2493407+08:00</dtUpdateDate>
      <dtFileTimeStamp>2016-07-27T10:21:16.7440408+08:00</dtFileTimeStamp>
      <dtFileUpdateDate>2016-07-31T01:21:04.2493407+08:00</dtFileUpdateDate>
      <iFileSize>874</iFileSize>
      <szMD5val>LYplJ3O0+Y8GRuTY3VDO/w==</szMD5val>
      <szProjectdataName>CounterLabel\Counter.lng</szProjectdataName>
    </D_History>
    <D_History diffgr:id="D_History50" msdata:rowOrder="49" diffgr:hasChanges="inserted">
      <iID>50</iID>
      <iProjectdataID>50</iProjectdataID>
      <szComment />
      <iEditor>0</iEditor>
      <dtUpdateDate>2016-07-31T01:21:04.2513408+08:00</dtUpdateDate>
      <dtFileTimeStamp>2016-07-27T10:21:16.7660364+08:00</dtFileTimeStamp>
      <dtFileUpdateDate>2016-07-31T01:21:04.2513408+08:00</dtFileUpdateDate>
      <iFileSize>1130</iFileSize>
      <szMD5val>E1JhYiLvZPaIezR30e2P2w==</szMD5val>
      <szProjectdataName>CounterLabel\Counter.lgv</szProjectdataName>
    </D_History>
    <D_History diffgr:id="D_History51" msdata:rowOrder="50" diffgr:hasChanges="inserted">
      <iID>51</iID>
      <iProjectdataID>51</iProjectdataID>
      <szComment />
      <iEditor>0</iEditor>
      <dtUpdateDate>2016-07-27T10:21:16.7860506+08:00</dtUpdateDate>
      <dtFileTimeStamp>2016-07-27T10:21:16.7860506+08:00</dtFileTimeStamp>
      <dtFileUpdateDate>2016-07-27T10:21:16.7860506+08:00</dtFileUpdateDate>
      <iFileSize>108</iFileSize>
      <szMD5val>H/EMMlwmDWpFqWyQi+ETcQ==</szMD5val>
      <szProjectdataName>0156000000000001\Counter.col</szProjectdataName>
    </D_History>
    <D_History diffgr:id="D_History52" msdata:rowOrder="51" diffgr:hasChanges="inserted">
      <iID>52</iID>
      <iProjectdataID>52</iProjectdataID>
      <szComment />
      <iEditor>0</iEditor>
      <dtUpdateDate>2016-07-31T01:21:04.2523409+08:00</dtUpdateDate>
      <dtFileTimeStamp>2016-07-27T10:21:16.8070856+08:00</dtFileTimeStamp>
      <dtFileUpdateDate>2016-07-31T01:21:04.2533409+08:00</dtFileUpdateDate>
      <iFileSize>126</iFileSize>
      <szMD5val>PHLhBx3l5Jvb5+WlDtWazw==</szMD5val>
      <szProjectdataName>CounterFB.Labels\Counter.lnl</szProjectdataName>
    </D_History>
    <D_History diffgr:id="D_History53" msdata:rowOrder="52" diffgr:hasChanges="inserted">
      <iID>53</iID>
      <iProjectdataID>53</iProjectdataID>
      <szComment />
      <iEditor>0</iEditor>
      <dtUpdateDate>2016-07-31T01:21:04.2603413+08:00</dtUpdateDate>
      <dtFileTimeStamp>2016-07-27T10:21:16.8510968+08:00</dtFileTimeStamp>
      <dtFileUpdateDate>2016-07-31T01:21:04.2603413+08:00</dtFileUpdateDate>
      <iFileSize>152</iFileSize>
      <szMD5val>HkK5HMnQN+yKhDi+WtbG7A==</szMD5val>
      <szProjectdataName>CounterFB.Labels\Counter.llv</szProjectdataName>
    </D_History>
    <D_History diffgr:id="D_History54" msdata:rowOrder="53" diffgr:hasChanges="inserted">
      <iID>54</iID>
      <iProjectdataID>54</iProjectdataID>
      <szComment />
      <iEditor>0</iEditor>
      <dtUpdateDate>2016-07-31T01:21:04.254341+08:00</dtUpdateDate>
      <dtFileTimeStamp>2016-07-27T10:21:16.8711111+08:00</dtFileTimeStamp>
      <dtFileUpdateDate>2016-07-31T01:21:04.254341+08:00</dtFileUpdateDate>
      <iFileSize>3287</iFileSize>
      <szMD5val>Hlg9WXn5T8nlagRpvoPx9g==</szMD5val>
      <szProjectdataName>CounterFB.Program\Counter.lnb</szProjectdataName>
    </D_History>
    <D_History diffgr:id="D_History55" msdata:rowOrder="54" diffgr:hasChanges="inserted">
      <iID>55</iID>
      <iProjectdataID>55</iProjectdataID>
      <szComment />
      <iEditor>0</iEditor>
      <dtUpdateDate>2016-07-27T10:21:16.8911449+08:00</dtUpdateDate>
      <dtFileTimeStamp>2016-07-27T10:21:16.8911449+08:00</dtFileTimeStamp>
      <dtFileUpdateDate>2016-07-27T10:21:16.8911449+08:00</dtFileUpdateDate>
      <iFileSize>2658</iFileSize>
      <szMD5val>MMEd4PaZYgA0cczM60tpOA==</szMD5val>
      <szProjectdataName>CounterFB.Program\Counter.lbo</szProjectdataName>
    </D_History>
    <D_History diffgr:id="D_History56" msdata:rowOrder="55" diffgr:hasChanges="inserted">
      <iID>56</iID>
      <iProjectdataID>56</iProjectdataID>
      <szComment />
      <iEditor>0</iEditor>
      <dtUpdateDate>2016-07-31T01:21:04.2553411+08:00</dtUpdateDate>
      <dtFileTimeStamp>2016-07-27T10:21:16.9121598+08:00</dtFileTimeStamp>
      <dtFileUpdateDate>2016-07-31T01:21:04.2553411+08:00</dtFileUpdateDate>
      <iFileSize>234</iFileSize>
      <szMD5val>21VRevjMhUP2TBkNrECTXw==</szMD5val>
      <szProjectdataName>MachineStopCount.Labels\Counter.lnl</szProjectdataName>
    </D_History>
    <D_History diffgr:id="D_History57" msdata:rowOrder="56" diffgr:hasChanges="inserted">
      <iID>57</iID>
      <iProjectdataID>57</iProjectdataID>
      <szComment />
      <iEditor>0</iEditor>
      <dtUpdateDate>2016-07-27T10:21:16.9331556+08:00</dtUpdateDate>
      <dtFileTimeStamp>2016-07-27T10:21:16.9321558+08:00</dtFileTimeStamp>
      <dtFileUpdateDate>2016-07-27T10:21:16.9331556+08:00</dtFileUpdateDate>
      <iFileSize>282</iFileSize>
      <szMD5val>0dXQqjaiNet9qcD97bDpYg==</szMD5val>
      <szProjectdataName>MachineStopCount.Variables\Counter.llv</szProjectdataName>
    </D_History>
    <D_History diffgr:id="D_History58" msdata:rowOrder="57" diffgr:hasChanges="inserted">
      <iID>58</iID>
      <iProjectdataID>58</iProjectdataID>
      <szComment />
      <iEditor>0</iEditor>
      <dtUpdateDate>2016-07-31T01:21:04.2563411+08:00</dtUpdateDate>
      <dtFileTimeStamp>2016-07-27T10:21:16.9531698+08:00</dtFileTimeStamp>
      <dtFileUpdateDate>2016-07-31T01:21:04.2563411+08:00</dtFileUpdateDate>
      <iFileSize>2095</iFileSize>
      <szMD5val>IQ2TR7Emdj/ziKeBTerC6g==</szMD5val>
      <szProjectdataName>MachineStopCount.Program\Counter.lnb</szProjectdataName>
    </D_History>
    <D_History diffgr:id="D_History59" msdata:rowOrder="58" diffgr:hasChanges="inserted">
      <iID>59</iID>
      <iProjectdataID>59</iProjectdataID>
      <szComment />
      <iEditor>0</iEditor>
      <dtUpdateDate>2016-07-27T10:21:16.9742039+08:00</dtUpdateDate>
      <dtFileTimeStamp>2016-07-27T10:21:16.9731841+08:00</dtFileTimeStamp>
      <dtFileUpdateDate>2016-07-27T10:21:16.9742039+08:00</dtFileUpdateDate>
      <iFileSize>1640</iFileSize>
      <szMD5val>sKeI5ya+OpnAyTvBFVqmLg==</szMD5val>
      <szProjectdataName>MachineStopCount.Program\Counter.lbo</szProjectdataName>
    </D_History>
    <D_History diffgr:id="D_History60" msdata:rowOrder="59" diffgr:hasChanges="inserted">
      <iID>60</iID>
      <iProjectdataID>60</iProjectdataID>
      <szComment />
      <iEditor>0</iEditor>
      <dtUpdateDate>2016-07-31T01:21:04.2573412+08:00</dtUpdateDate>
      <dtFileTimeStamp>2016-07-27T10:21:16.994219+08:00</dtFileTimeStamp>
      <dtFileUpdateDate>2016-07-31T01:21:04.2573412+08:00</dtFileUpdateDate>
      <iFileSize>246</iFileSize>
      <szMD5val>y3xGPaIWr+tQp+xjPLE3WA==</szMD5val>
      <szProjectdataName>Over3TimesStopMachine.Labels\Counter.lnl</szProjectdataName>
    </D_History>
    <D_History diffgr:id="D_History61" msdata:rowOrder="60" diffgr:hasChanges="inserted">
      <iID>61</iID>
      <iProjectdataID>61</iProjectdataID>
      <szComment />
      <iEditor>0</iEditor>
      <dtUpdateDate>2016-07-27T10:21:17.0152326+08:00</dtUpdateDate>
      <dtFileTimeStamp>2016-07-27T10:21:17.0152326+08:00</dtFileTimeStamp>
      <dtFileUpdateDate>2016-07-27T10:21:17.0152326+08:00</dtFileUpdateDate>
      <iFileSize>294</iFileSize>
      <szMD5val>CEhGeTnRxuqqQmHq0wgdTw==</szMD5val>
      <szProjectdataName>Over3TimesStopMachine.Variables\Counter.llv</szProjectdataName>
    </D_History>
    <D_History diffgr:id="D_History62" msdata:rowOrder="61" diffgr:hasChanges="inserted">
      <iID>62</iID>
      <iProjectdataID>62</iProjectdataID>
      <szComment />
      <iEditor>0</iEditor>
      <dtUpdateDate>2016-07-31T01:21:04.2593413+08:00</dtUpdateDate>
      <dtFileTimeStamp>2016-07-27T10:21:17.0362433+08:00</dtFileTimeStamp>
      <dtFileUpdateDate>2016-07-31T01:21:04.2593413+08:00</dtFileUpdateDate>
      <iFileSize>2295</iFileSize>
      <szMD5val>VchvxbNHhtuQZt4kbs8EdQ==</szMD5val>
      <szProjectdataName>Over3TimesStopMachine.Program\Counter.lnb</szProjectdataName>
    </D_History>
    <D_History diffgr:id="D_History63" msdata:rowOrder="62" diffgr:hasChanges="inserted">
      <iID>63</iID>
      <iProjectdataID>63</iProjectdataID>
      <szComment />
      <iEditor>0</iEditor>
      <dtUpdateDate>2016-07-27T10:21:17.0562622+08:00</dtUpdateDate>
      <dtFileTimeStamp>2016-07-27T10:21:17.0562622+08:00</dtFileTimeStamp>
      <dtFileUpdateDate>2016-07-27T10:21:17.0562622+08:00</dtFileUpdateDate>
      <iFileSize>1814</iFileSize>
      <szMD5val>oTmUWd2wSqJgFzojrVF3sQ==</szMD5val>
      <szProjectdataName>Over3TimesStopMachine.Program\Counter.lbo</szProjectdataName>
    </D_History>
    <D_History diffgr:id="D_History64" msdata:rowOrder="63" diffgr:hasChanges="inserted">
      <iID>64</iID>
      <iProjectdataID>64</iProjectdataID>
      <szComment />
      <iEditor>0</iEditor>
      <dtUpdateDate>2016-07-27T11:49:36.0770427+08:00</dtUpdateDate>
      <dtFileTimeStamp>2016-07-27T10:21:17.0772771+08:00</dtFileTimeStamp>
      <dtFileUpdateDate>2016-07-27T11:49:36.0770427+08:00</dtFileUpdateDate>
      <iFileSize>62</iFileSize>
      <szMD5val>23QFtVO1gQoIabOIxlSp9A==</szMD5val>
      <szProjectdataName>UserLibrary.col</szProjectdataName>
    </D_History>
    <D_History diffgr:id="D_History65" msdata:rowOrder="64" diffgr:hasChanges="inserted">
      <iID>65</iID>
      <iProjectdataID>65</iProjectdataID>
      <szComment />
      <iEditor>0</iEditor>
      <dtUpdateDate>2016-07-31T00:49:54.1411299+08:00</dtUpdateDate>
      <dtFileTimeStamp>2016-07-27T10:21:17.0982762+08:00</dtFileTimeStamp>
      <dtFileUpdateDate>2016-07-31T00:49:54.1411299+08:00</dtFileUpdateDate>
      <iFileSize>130004</iFileSize>
      <szMD5val>kbZPKnEXETGeF0UyjX1Jgw==</szMD5val>
      <szProjectdataName>MELSECFunction.lif</szProjectdataName>
    </D_History>
    <D_History diffgr:id="D_History66" msdata:rowOrder="65" diffgr:hasChanges="inserted">
      <iID>66</iID>
      <iProjectdataID>66</iProjectdataID>
      <szComment />
      <iEditor>0</iEditor>
      <dtUpdateDate>2016-07-27T10:21:17.1203077+08:00</dtUpdateDate>
      <dtFileTimeStamp>2016-07-27T10:21:17.1203077+08:00</dtFileTimeStamp>
      <dtFileUpdateDate>2016-07-27T10:21:17.1203077+08:00</dtFileUpdateDate>
      <iFileSize>10385</iFileSize>
      <szMD5val>7+drM16jm/utihpTww0rcQ==</szMD5val>
      <szProjectdataName>IECFunction.lif</szProjectdataName>
    </D_History>
    <D_History diffgr:id="D_History67" msdata:rowOrder="66" diffgr:hasChanges="inserted">
      <iID>67</iID>
      <iProjectdataID>67</iProjectdataID>
      <szComment />
      <iEditor>0</iEditor>
      <dtUpdateDate>2016-07-27T10:21:17.1413044+08:00</dtUpdateDate>
      <dtFileTimeStamp>2016-07-27T10:21:17.1413044+08:00</dtFileTimeStamp>
      <dtFileUpdateDate>2016-07-27T10:21:17.1413044+08:00</dtFileUpdateDate>
      <iFileSize>2319</iFileSize>
      <szMD5val>jGJsa6EAamc2p0OSvY+nDg==</szMD5val>
      <szProjectdataName>MELSEC_LIB2.lif</szProjectdataName>
    </D_History>
    <D_History diffgr:id="D_History68" msdata:rowOrder="67" diffgr:hasChanges="inserted">
      <iID>68</iID>
      <iProjectdataID>68</iProjectdataID>
      <szComment />
      <iEditor>0</iEditor>
      <dtUpdateDate>2016-07-27T10:21:17.177331+08:00</dtUpdateDate>
      <dtFileTimeStamp>2016-07-27T10:21:17.177331+08:00</dtFileTimeStamp>
      <dtFileUpdateDate>2016-07-27T10:21:17.177331+08:00</dtFileUpdateDate>
      <iFileSize>580</iFileSize>
      <szMD5val>8NVuFJ8tdvwtek33Nip8cA==</szMD5val>
      <szProjectdataName>BlockPassword.bpw</szProjectdataName>
    </D_History>
    <D_History diffgr:id="D_History69" msdata:rowOrder="68" diffgr:hasChanges="inserted">
      <iID>69</iID>
      <iProjectdataID>69</iProjectdataID>
      <szComment />
      <iEditor>0</iEditor>
      <dtUpdateDate>2016-07-27T10:21:17.2263985+08:00</dtUpdateDate>
      <dtFileTimeStamp>2016-07-27T10:21:17.1983445+08:00</dtFileTimeStamp>
      <dtFileUpdateDate>2016-07-27T10:21:17.2263985+08:00</dtFileUpdateDate>
      <iFileSize>0</iFileSize>
      <szMD5val>1B2M2Y8AsgTpgAmY7PhCfg==</szMD5val>
      <szProjectdataName>SamplingTrace.qtd</szProjectdataName>
    </D_History>
    <D_History diffgr:id="D_History70" msdata:rowOrder="69" diffgr:hasChanges="inserted">
      <iID>70</iID>
      <iProjectdataID>70</iProjectdataID>
      <szComment />
      <iEditor>0</iEditor>
      <dtUpdateDate>2016-07-27T10:21:17.2453793+08:00</dtUpdateDate>
      <dtFileTimeStamp>2016-07-27T10:21:17.2453793+08:00</dtFileTimeStamp>
      <dtFileUpdateDate>2016-07-27T10:21:17.2453793+08:00</dtFileUpdateDate>
      <iFileSize>44</iFileSize>
      <szMD5val>qu5F7W7uQucmTGnx/5HOUw==</szMD5val>
      <szProjectdataName>SystemLabel.sld</szProjectdataName>
    </D_History>
    <D_History diffgr:id="D_History71" msdata:rowOrder="70" diffgr:hasChanges="inserted">
      <iID>71</iID>
      <iProjectdataID>71</iProjectdataID>
      <szComment />
      <iEditor>0</iEditor>
      <dtUpdateDate>2016-07-27T10:21:17.3034387+08:00</dtUpdateDate>
      <dtFileTimeStamp>2016-07-27T10:21:17.3034387+08:00</dtFileTimeStamp>
      <dtFileUpdateDate>2016-07-27T10:21:17.3034387+08:00</dtFileUpdateDate>
      <iFileSize>82</iFileSize>
      <szMD5val>Go/imuSD2TIA50HTogghMg==</szMD5val>
      <szProjectdataName>16-405_20160727.pji</szProjectdataName>
    </D_History>
    <D_History diffgr:id="D_History72" msdata:rowOrder="71" diffgr:hasChanges="inserted">
      <iID>72</iID>
      <iProjectdataID>72</iProjectdataID>
      <szComment />
      <iEditor>3</iEditor>
      <dtUpdateDate>2016-07-31T11:03:37.41951+08:00</dtUpdateDate>
      <dtFileTimeStamp>2016-07-27T10:21:17.6186576+08:00</dtFileTimeStamp>
      <dtFileUpdateDate>2016-07-31T11:03:37.41951+08:00</dtFileUpdateDate>
      <iFileSize>77824</iFileSize>
      <szMD5val>DYhPD1yj6x6moEHg3Q2S0w==</szMD5val>
      <szProjectdataName>DeviceAssignment.dat</szProjectdataName>
    </D_History>
    <D_History diffgr:id="D_History73" msdata:rowOrder="72" diffgr:hasChanges="inserted">
      <iID>73</iID>
      <iProjectdataID>73</iProjectdataID>
      <szComment />
      <iEditor>3</iEditor>
      <dtUpdateDate>2016-07-31T01:21:04.4843542+08:00</dtUpdateDate>
      <dtFileTimeStamp>2016-07-27T10:21:17.6396772+08:00</dtFileTimeStamp>
      <dtFileUpdateDate>2016-07-31T01:21:04.4843542+08:00</dtFileUpdateDate>
      <iFileSize>77824</iFileSize>
      <szMD5val>cRPm0BXgQ8PRhSMPqRTsxQ==</szMD5val>
      <szProjectdataName>ProgramAnalysis.dat</szProjectdataName>
    </D_History>
    <D_History diffgr:id="D_History74" msdata:rowOrder="73" diffgr:hasChanges="inserted">
      <iID>74</iID>
      <iProjectdataID>74</iProjectdataID>
      <szComment />
      <iEditor>3</iEditor>
      <dtUpdateDate>2016-07-31T01:21:04.4863543+08:00</dtUpdateDate>
      <dtFileTimeStamp>2016-07-27T10:21:17.6596718+08:00</dtFileTimeStamp>
      <dtFileUpdateDate>2016-07-31T01:21:04.4863543+08:00</dtFileUpdateDate>
      <iFileSize>102400</iFileSize>
      <szMD5val>WJeE9Iz2wg1wT7SPW7+mHw==</szMD5val>
      <szProjectdataName>DebugInformation.dat</szProjectdataName>
    </D_History>
    <D_History diffgr:id="D_History75" msdata:rowOrder="74" diffgr:hasChanges="inserted">
      <iID>75</iID>
      <iProjectdataID>75</iProjectdataID>
      <szComment />
      <iEditor>3</iEditor>
      <dtUpdateDate>2016-07-31T11:03:37.4295106+08:00</dtUpdateDate>
      <dtFileTimeStamp>2016-07-27T10:21:17.679686+08:00</dtFileTimeStamp>
      <dtFileUpdateDate>2016-07-31T11:03:37.4295106+08:00</dtFileUpdateDate>
      <iFileSize>27742</iFileSize>
      <szMD5val>b3HOshhPtmieBN4pIlq7Xw==</szMD5val>
      <szProjectdataName>CallTree.dat</szProjectdataName>
    </D_History>
    <D_History diffgr:id="D_History76" msdata:rowOrder="75" diffgr:hasChanges="inserted">
      <iID>76</iID>
      <iProjectdataID>76</iProjectdataID>
      <szComment />
      <iEditor>3</iEditor>
      <dtUpdateDate>2016-07-31T01:21:04.4903545+08:00</dtUpdateDate>
      <dtFileTimeStamp>2016-07-27T10:21:17.6997002+08:00</dtFileTimeStamp>
      <dtFileUpdateDate>2016-07-31T01:21:04.4903545+08:00</dtFileUpdateDate>
      <iFileSize>78644</iFileSize>
      <szMD5val>9TRSsK6df1vh+nqWfsHqlw==</szMD5val>
      <szProjectdataName>CGTable.dat</szProjectdataName>
    </D_History>
    <D_History diffgr:id="D_History77" msdata:rowOrder="76" diffgr:hasChanges="inserted">
      <iID>77</iID>
      <iProjectdataID>77</iProjectdataID>
      <szComment />
      <iEditor>3</iEditor>
      <dtUpdateDate>2016-07-31T11:03:37.4335108+08:00</dtUpdateDate>
      <dtFileTimeStamp>2016-07-27T10:21:17.7397487+08:00</dtFileTimeStamp>
      <dtFileUpdateDate>2016-07-31T11:03:37.4335108+08:00</dtFileUpdateDate>
      <iFileSize>17311</iFileSize>
      <szMD5val>y0c1u52OW8Q17yAwlSQiDw==</szMD5val>
      <szProjectdataName>DebugInformation2.dat</szProjectdataName>
    </D_History>
    <D_History diffgr:id="D_History78" msdata:rowOrder="77" diffgr:hasChanges="inserted">
      <iID>78</iID>
      <iProjectdataID>78</iProjectdataID>
      <szComment />
      <iEditor>3</iEditor>
      <dtUpdateDate>2016-07-31T11:03:37.453512+08:00</dtUpdateDate>
      <dtFileTimeStamp>2016-07-27T10:21:17.7787755+08:00</dtFileTimeStamp>
      <dtFileUpdateDate>2016-07-31T11:03:37.453512+08:00</dtFileUpdateDate>
      <iFileSize>150528</iFileSize>
      <szMD5val>MF9S6yI4WLTEYLT9cdELHQ==</szMD5val>
      <szProjectdataName>ESCompiler.stg</szProjectdataName>
    </D_History>
    <D_History diffgr:id="D_History79" msdata:rowOrder="78" diffgr:hasChanges="inserted">
      <iID>79</iID>
      <iProjectdataID>79</iProjectdataID>
      <szComment>SaveProject</szComment>
      <iEditor>0</iEditor>
      <dtUpdateDate>2016-07-31T01:21:04.5563583+08:00</dtUpdateDate>
      <dtFileTimeStamp>2016-07-27T10:21:17.9338862+08:00</dtFileTimeStamp>
      <dtFileUpdateDate>2016-07-31T01:21:04.5563583+08:00</dtFileUpdateDate>
      <iFileSize>13</iFileSize>
      <szMD5val>C4Z+U8HSM86f5J1UVJojIw==</szMD5val>
      <szProjectdataName>ProjectStatusFlag.dat</szProjectdataName>
    </D_History>
    <D_History diffgr:id="D_History80" msdata:rowOrder="79" diffgr:hasChanges="inserted">
      <iID>80</iID>
      <iProjectdataID>80</iProjectdataID>
      <szComment />
      <iEditor>0</iEditor>
      <dtUpdateDate>2016-07-31T11:03:37.5645183+08:00</dtUpdateDate>
      <dtFileTimeStamp>2016-07-27T10:21:18.0399578+08:00</dtFileTimeStamp>
      <dtFileUpdateDate>2016-07-31T11:03:37.5645183+08:00</dtFileUpdateDate>
      <iFileSize>35412</iFileSize>
      <szMD5val>/L1gyNQRSDoMooOSaFqnlg==</szMD5val>
      <szProjectdataName>Gppw2.gpj</szProjectdataName>
    </D_History>
    <D_History diffgr:id="D_History81" msdata:rowOrder="80" diffgr:hasChanges="inserted">
      <iID>81</iID>
      <iProjectdataID>81</iProjectdataID>
      <szComment />
      <iEditor>0</iEditor>
      <dtUpdateDate>2016-07-27T10:21:18.102001+08:00</dtUpdateDate>
      <dtFileTimeStamp>2016-07-27T10:21:18.102001+08:00</dtFileTimeStamp>
      <dtFileUpdateDate>2016-07-27T10:21:18.102001+08:00</dtFileUpdateDate>
      <iFileSize>25</iFileSize>
      <szMD5val>IQU29oke+HT2h0l7INq5bQ==</szMD5val>
      <szProjectdataName>OPTIONDATA.PrgDebugger</szProjectdataName>
    </D_History>
    <D_History diffgr:id="D_History82" msdata:rowOrder="81" diffgr:hasChanges="inserted">
      <iID>82</iID>
      <iProjectdataID>82</iProjectdataID>
      <szComment />
      <iEditor>0</iEditor>
      <dtUpdateDate>2016-07-27T10:21:18.1640488+08:00</dtUpdateDate>
      <dtFileTimeStamp>2016-07-27T10:21:18.1640488+08:00</dtFileTimeStamp>
      <dtFileUpdateDate>2016-07-27T10:21:18.1640488+08:00</dtFileUpdateDate>
      <iFileSize>16</iFileSize>
      <szMD5val>yaX2aOJIaEXzhFKxvmfuZQ==</szMD5val>
      <szProjectdataName>PRGDEBUGGER_WND1.PrgDebugger</szProjectdataName>
    </D_History>
    <D_History diffgr:id="D_History83" msdata:rowOrder="82" diffgr:hasChanges="inserted">
      <iID>83</iID>
      <iProjectdataID>83</iProjectdataID>
      <szComment />
      <iEditor>0</iEditor>
      <dtUpdateDate>2016-07-27T10:21:18.2330941+08:00</dtUpdateDate>
      <dtFileTimeStamp>2016-07-27T10:21:18.2330941+08:00</dtFileTimeStamp>
      <dtFileUpdateDate>2016-07-27T10:21:18.2330941+08:00</dtFileUpdateDate>
      <iFileSize>17</iFileSize>
      <szMD5val>8iBsLL4dx5GevrW47qVrRA==</szMD5val>
      <szProjectdataName>PRGDEBUGGER_WND2.PrgDebugger</szProjectdataName>
    </D_History>
    <D_History diffgr:id="D_History84" msdata:rowOrder="83" diffgr:hasChanges="inserted">
      <iID>84</iID>
      <iProjectdataID>84</iProjectdataID>
      <szComment />
      <iEditor>0</iEditor>
      <dtUpdateDate>2016-07-27T10:21:18.3101484+08:00</dtUpdateDate>
      <dtFileTimeStamp>2016-07-27T10:21:18.3101484+08:00</dtFileTimeStamp>
      <dtFileUpdateDate>2016-07-27T10:21:18.3101484+08:00</dtFileUpdateDate>
      <iFileSize>16</iFileSize>
      <szMD5val>yaX2aOJIaEXzhFKxvmfuZQ==</szMD5val>
      <szProjectdataName>PRGDEBUGGER_WND3.PrgDebugger</szProjectdataName>
    </D_History>
    <D_History diffgr:id="D_History85" msdata:rowOrder="84" diffgr:hasChanges="inserted">
      <iID>85</iID>
      <iProjectdataID>85</iProjectdataID>
      <szComment />
      <iEditor>0</iEditor>
      <dtUpdateDate>2016-07-31T11:02:19.4840524+08:00</dtUpdateDate>
      <dtFileTimeStamp>2016-07-27T10:21:18.3731974+08:00</dtFileTimeStamp>
      <dtFileUpdateDate>2016-07-31T11:02:19.4840524+08:00</dtFileUpdateDate>
      <iFileSize>1556</iFileSize>
      <szMD5val>frwlQkZgYUU1C4MFdLa9Gw==</szMD5val>
      <szProjectdataName>Cnct2.ini</szProjectdataName>
    </D_History>
    <D_History diffgr:id="D_History86" msdata:rowOrder="85" diffgr:hasChanges="inserted">
      <iID>86</iID>
      <iProjectdataID>86</iProjectdataID>
      <szComment />
      <iEditor>0</iEditor>
      <dtUpdateDate>2016-07-27T10:21:18.4492636+08:00</dtUpdateDate>
      <dtFileTimeStamp>2016-07-27T10:21:18.4482339+08:00</dtFileTimeStamp>
      <dtFileUpdateDate>2016-07-27T10:21:18.4492636+08:00</dtFileUpdateDate>
      <iFileSize>16</iFileSize>
      <szMD5val>ufoEWUEDyvkFEHng/fA5+w==</szMD5val>
      <szProjectdataName>CCLinkDiag2.dat</szProjectdataName>
    </D_History>
    <D_History diffgr:id="D_History87" msdata:rowOrder="86" diffgr:hasChanges="inserted">
      <iID>87</iID>
      <iProjectdataID>87</iProjectdataID>
      <szComment />
      <iEditor>0</iEditor>
      <dtUpdateDate>2016-07-27T10:21:18.5432987+08:00</dtUpdateDate>
      <dtFileTimeStamp>2016-07-27T10:21:18.5432987+08:00</dtFileTimeStamp>
      <dtFileUpdateDate>2016-07-27T10:21:18.5432987+08:00</dtFileUpdateDate>
      <iFileSize>16</iFileSize>
      <szMD5val>ufoEWUEDyvkFEHng/fA5+w==</szMD5val>
      <szProjectdataName>CCLinkDiag.dat</szProjectdataName>
    </D_History>
    <D_History diffgr:id="D_History89" msdata:rowOrder="87" diffgr:hasChanges="inserted">
      <iID>88</iID>
      <iProjectdataID>88</iProjectdataID>
      <szComment />
      <iEditor>0</iEditor>
      <dtFileTimeStamp>2016-07-31T11:03:37.7365282+08:00</dtFileTimeStamp>
      <szMD5val />
      <szProjectdataName>Project.gd2</szProjectdataName>
    </D_History>
    <D_DBVersion diffgr:id="D_DBVersion4" msdata:rowOrder="0" diffgr:hasChanges="inserted">
      <iSupportVersion>1</iSupportVersion>
      <iCreateVersion>1</iCreateVersion>
    </D_DBVersion>
  </DSHISTORY>
</diffgr:diffgram>