<diffgr:diffgram xmlns:msdata="urn:schemas-microsoft-com:xml-msdata" xmlns:diffgr="urn:schemas-microsoft-com:xml-diffgram-v1">
  <DSPROJECTDATA>
    <D_Projectdata diffgr:id="D_Projectdata1" msdata:rowOrder="0" diffgr:hasChanges="inserted">
      <iID>1</iID>
      <szName>16-405_20160727.prj</szName>
      <dtCreateDate>2016-07-27T10:21:15.5021394+08:00</dtCreateDate>
      <dtUpdateDate>2016-07-27T10:21:15.5021394+08:00</dtUpdateDate>
      <bScrapFlag>false</bScrapFlag>
      <bStructuredStorage>true</bStructuredStorage>
      <iCreaterID>0</iCreaterID>
      <ucProductType>1</ucProductType>
      <ucFolderType>1</ucFolderType>
      <uiFolderNo>0</uiFolderNo>
      <ucReserve>0</ucReserve>
      <ucFileType>1</ucFileType>
    </D_Projectdata>
    <D_Projectdata diffgr:id="D_Projectdata2" msdata:rowOrder="1" diffgr:hasChanges="inserted">
      <iID>2</iID>
      <szName>0101000000000002.col</szName>
      <dtCreateDate>2016-07-27T10:21:15.5101464+08:00</dtCreateDate>
      <dtUpdateDate>2016-07-27T10:21:15.5101464+08:00</dtUpdateDate>
      <bScrapFlag>false</bScrapFlag>
      <bStructuredStorage>true</bStructuredStorage>
      <iCreaterID>0</iCreaterID>
      <ucProductType>1</ucProductType>
      <ucFolderType>1</ucFolderType>
      <uiFolderNo>0</uiFolderNo>
      <ucReserve>0</ucReserve>
      <ucFileType>2</ucFileType>
    </D_Projectdata>
    <D_Projectdata diffgr:id="D_Projectdata3" msdata:rowOrder="2" diffgr:hasChanges="inserted">
      <iID>3</iID>
      <szName>0101000000000003.col</szName>
      <dtCreateDate>2016-07-27T10:21:15.5101464+08:00</dtCreateDate>
      <dtUpdateDate>2016-07-27T10:21:15.5101464+08:00</dtUpdateDate>
      <bScrapFlag>false</bScrapFlag>
      <bStructuredStorage>true</bStructuredStorage>
      <iCreaterID>0</iCreaterID>
      <ucProductType>1</ucProductType>
      <ucFolderType>1</ucFolderType>
      <uiFolderNo>0</uiFolderNo>
      <ucReserve>0</ucReserve>
      <ucFileType>3</ucFileType>
    </D_Projectdata>
    <D_Projectdata diffgr:id="D_Projectdata4" msdata:rowOrder="3" diffgr:hasChanges="inserted">
      <iID>4</iID>
      <szName>0101000000000004.col</szName>
      <dtCreateDate>2016-07-27T10:21:15.511149+08:00</dtCreateDate>
      <dtUpdateDate>2016-07-27T10:21:15.511149+08:00</dtUpdateDate>
      <bScrapFlag>false</bScrapFlag>
      <bStructuredStorage>true</bStructuredStorage>
      <iCreaterID>0</iCreaterID>
      <ucProductType>1</ucProductType>
      <ucFolderType>1</ucFolderType>
      <uiFolderNo>0</uiFolderNo>
      <ucReserve>0</ucReserve>
      <ucFileType>4</ucFileType>
    </D_Projectdata>
    <D_Projectdata diffgr:id="D_Projectdata5" msdata:rowOrder="4" diffgr:hasChanges="inserted">
      <iID>5</iID>
      <szName>0101000000000005.col</szName>
      <dtCreateDate>2016-07-27T10:21:15.511149+08:00</dtCreateDate>
      <dtUpdateDate>2016-07-27T10:21:15.511149+08:00</dtUpdateDate>
      <bScrapFlag>false</bScrapFlag>
      <bStructuredStorage>true</bStructuredStorage>
      <iCreaterID>0</iCreaterID>
      <ucProductType>1</ucProductType>
      <ucFolderType>1</ucFolderType>
      <uiFolderNo>0</uiFolderNo>
      <ucReserve>0</ucReserve>
      <ucFileType>5</ucFileType>
    </D_Projectdata>
    <D_Projectdata diffgr:id="D_Projectdata6" msdata:rowOrder="5" diffgr:hasChanges="inserted">
      <iID>6</iID>
      <szName>0101000000000006.col</szName>
      <dtCreateDate>2016-07-27T10:21:15.512146+08:00</dtCreateDate>
      <dtUpdateDate>2016-07-27T10:21:15.512146+08:00</dtUpdateDate>
      <bScrapFlag>false</bScrapFlag>
      <bStructuredStorage>true</bStructuredStorage>
      <iCreaterID>0</iCreaterID>
      <ucProductType>1</ucProductType>
      <ucFolderType>1</ucFolderType>
      <uiFolderNo>0</uiFolderNo>
      <ucReserve>0</ucReserve>
      <ucFileType>6</ucFileType>
    </D_Projectdata>
    <D_Projectdata diffgr:id="D_Projectdata7" msdata:rowOrder="6" diffgr:hasChanges="inserted">
      <iID>7</iID>
      <szName>0101000000000007.col</szName>
      <dtCreateDate>2016-07-27T10:21:15.5131467+08:00</dtCreateDate>
      <dtUpdateDate>2016-07-27T10:21:15.5131467+08:00</dtUpdateDate>
      <bScrapFlag>false</bScrapFlag>
      <bStructuredStorage>true</bStructuredStorage>
      <iCreaterID>0</iCreaterID>
      <ucProductType>1</ucProductType>
      <ucFolderType>1</ucFolderType>
      <uiFolderNo>0</uiFolderNo>
      <ucReserve>0</ucReserve>
      <ucFileType>7</ucFileType>
    </D_Projectdata>
    <D_Projectdata diffgr:id="D_Projectdata8" msdata:rowOrder="7" diffgr:hasChanges="inserted">
      <iID>8</iID>
      <szName>0101000000000008.col</szName>
      <dtCreateDate>2016-07-27T10:21:15.5131467+08:00</dtCreateDate>
      <dtUpdateDate>2016-07-27T10:21:15.5131467+08:00</dtUpdateDate>
      <bScrapFlag>false</bScrapFlag>
      <bStructuredStorage>true</bStructuredStorage>
      <iCreaterID>0</iCreaterID>
      <ucProductType>1</ucProductType>
      <ucFolderType>1</ucFolderType>
      <uiFolderNo>0</uiFolderNo>
      <ucReserve>0</ucReserve>
      <ucFileType>8</ucFileType>
    </D_Projectdata>
    <D_Projectdata diffgr:id="D_Projectdata9" msdata:rowOrder="8" diffgr:hasChanges="inserted">
      <iID>9</iID>
      <szName>0101000000000009.col</szName>
      <dtCreateDate>2016-07-27T10:21:15.5141474+08:00</dtCreateDate>
      <dtUpdateDate>2016-07-27T10:21:15.5141474+08:00</dtUpdateDate>
      <bScrapFlag>false</bScrapFlag>
      <bStructuredStorage>true</bStructuredStorage>
      <iCreaterID>0</iCreaterID>
      <ucProductType>1</ucProductType>
      <ucFolderType>1</ucFolderType>
      <uiFolderNo>0</uiFolderNo>
      <ucReserve>0</ucReserve>
      <ucFileType>9</ucFileType>
    </D_Projectdata>
    <D_Projectdata diffgr:id="D_Projectdata10" msdata:rowOrder="9" diffgr:hasChanges="inserted">
      <iID>10</iID>
      <szName>010100000000000A.col</szName>
      <dtCreateDate>2016-07-27T10:21:15.5151486+08:00</dtCreateDate>
      <dtUpdateDate>2016-07-27T10:21:15.5151486+08:00</dtUpdateDate>
      <bScrapFlag>false</bScrapFlag>
      <bStructuredStorage>true</bStructuredStorage>
      <iCreaterID>0</iCreaterID>
      <ucProductType>1</ucProductType>
      <ucFolderType>1</ucFolderType>
      <uiFolderNo>0</uiFolderNo>
      <ucReserve>0</ucReserve>
      <ucFileType>10</ucFileType>
    </D_Projectdata>
    <D_Projectdata diffgr:id="D_Projectdata11" msdata:rowOrder="10" diffgr:hasChanges="inserted">
      <iID>11</iID>
      <szName>010100000000000B.col</szName>
      <dtCreateDate>2016-07-27T10:21:15.5161516+08:00</dtCreateDate>
      <dtUpdateDate>2016-07-27T10:21:15.5161516+08:00</dtUpdateDate>
      <bScrapFlag>false</bScrapFlag>
      <bStructuredStorage>true</bStructuredStorage>
      <iCreaterID>0</iCreaterID>
      <ucProductType>1</ucProductType>
      <ucFolderType>1</ucFolderType>
      <uiFolderNo>0</uiFolderNo>
      <ucReserve>0</ucReserve>
      <ucFileType>11</ucFileType>
    </D_Projectdata>
    <D_Projectdata diffgr:id="D_Projectdata12" msdata:rowOrder="11" diffgr:hasChanges="inserted">
      <iID>12</iID>
      <szName>MAIN.res</szName>
      <dtCreateDate>2016-07-27T10:21:15.5161516+08:00</dtCreateDate>
      <dtUpdateDate>2016-07-27T10:21:15.5161516+08:00</dtUpdateDate>
      <bScrapFlag>false</bScrapFlag>
      <bStructuredStorage>true</bStructuredStorage>
      <iCreaterID>0</iCreaterID>
      <ucProductType>1</ucProductType>
      <ucFolderType>3</ucFolderType>
      <uiFolderNo>1</uiFolderNo>
      <ucReserve>0</ucReserve>
      <ucFileType>1</ucFileType>
    </D_Projectdata>
    <D_Projectdata diffgr:id="D_Projectdata13" msdata:rowOrder="12" diffgr:hasChanges="inserted">
      <iID>13</iID>
      <szName>Task_01.tsk</szName>
      <dtCreateDate>2016-07-27T10:21:15.5161516+08:00</dtCreateDate>
      <dtUpdateDate>2016-07-27T10:21:15.5161516+08:00</dtUpdateDate>
      <bScrapFlag>false</bScrapFlag>
      <bStructuredStorage>true</bStructuredStorage>
      <iCreaterID>0</iCreaterID>
      <ucProductType>1</ucProductType>
      <ucFolderType>3</ucFolderType>
      <uiFolderNo>1</uiFolderNo>
      <ucReserve>0</ucReserve>
      <ucFileType>2</ucFileType>
    </D_Projectdata>
    <D_Projectdata diffgr:id="D_Projectdata14" msdata:rowOrder="13" diffgr:hasChanges="inserted">
      <iID>14</iID>
      <szName>First.str</szName>
      <dtCreateDate>2016-07-27T10:21:15.5171514+08:00</dtCreateDate>
      <dtUpdateDate>2016-07-27T10:21:15.5171514+08:00</dtUpdateDate>
      <bScrapFlag>false</bScrapFlag>
      <bStructuredStorage>true</bStructuredStorage>
      <iCreaterID>0</iCreaterID>
      <ucProductType>1</ucProductType>
      <ucFolderType>4</ucFolderType>
      <uiFolderNo>0</uiFolderNo>
      <ucReserve>0</ucReserve>
      <ucFileType>1</ucFileType>
    </D_Projectdata>
    <D_Projectdata diffgr:id="D_Projectdata15" msdata:rowOrder="14" diffgr:hasChanges="inserted">
      <iID>15</iID>
      <szName>Second.str</szName>
      <dtCreateDate>2016-07-27T10:21:15.5171514+08:00</dtCreateDate>
      <dtUpdateDate>2016-07-27T10:21:15.5171514+08:00</dtUpdateDate>
      <bScrapFlag>false</bScrapFlag>
      <bStructuredStorage>true</bStructuredStorage>
      <iCreaterID>0</iCreaterID>
      <ucProductType>1</ucProductType>
      <ucFolderType>4</ucFolderType>
      <uiFolderNo>0</uiFolderNo>
      <ucReserve>0</ucReserve>
      <ucFileType>1</ucFileType>
    </D_Projectdata>
    <D_Projectdata diffgr:id="D_Projectdata16" msdata:rowOrder="15" diffgr:hasChanges="inserted">
      <iID>16</iID>
      <szName>DeltaServo_IO.gh</szName>
      <dtCreateDate>2016-07-27T10:21:15.5181521+08:00</dtCreateDate>
      <dtUpdateDate>2016-07-27T10:21:15.5181521+08:00</dtUpdateDate>
      <bScrapFlag>false</bScrapFlag>
      <bStructuredStorage>true</bStructuredStorage>
      <iCreaterID>0</iCreaterID>
      <ucProductType>1</ucProductType>
      <ucFolderType>5</ucFolderType>
      <uiFolderNo>0</uiFolderNo>
      <ucReserve>0</ucReserve>
      <ucFileType>1</ucFileType>
    </D_Projectdata>
    <D_Projectdata diffgr:id="D_Projectdata17" msdata:rowOrder="16" diffgr:hasChanges="inserted">
      <iID>17</iID>
      <szName>ERROR.gh</szName>
      <dtCreateDate>2016-07-27T10:21:15.5181521+08:00</dtCreateDate>
      <dtUpdateDate>2016-07-27T10:21:15.5181521+08:00</dtUpdateDate>
      <bScrapFlag>false</bScrapFlag>
      <bStructuredStorage>true</bStructuredStorage>
      <iCreaterID>0</iCreaterID>
      <ucProductType>1</ucProductType>
      <ucFolderType>5</ucFolderType>
      <uiFolderNo>0</uiFolderNo>
      <ucReserve>0</ucReserve>
      <ucFileType>1</ucFileType>
    </D_Projectdata>
    <D_Projectdata diffgr:id="D_Projectdata18" msdata:rowOrder="17" diffgr:hasChanges="inserted">
      <iID>18</iID>
      <szName>Global1.gh</szName>
      <dtCreateDate>2016-07-27T10:21:15.5191542+08:00</dtCreateDate>
      <dtUpdateDate>2016-07-27T10:21:15.5191542+08:00</dtUpdateDate>
      <bScrapFlag>false</bScrapFlag>
      <bStructuredStorage>true</bStructuredStorage>
      <iCreaterID>0</iCreaterID>
      <ucProductType>1</ucProductType>
      <ucFolderType>5</ucFolderType>
      <uiFolderNo>0</uiFolderNo>
      <ucReserve>0</ucReserve>
      <ucFileType>1</ucFileType>
    </D_Projectdata>
    <D_Projectdata diffgr:id="D_Projectdata19" msdata:rowOrder="18" diffgr:hasChanges="inserted">
      <iID>19</iID>
      <szName>HMI.gh</szName>
      <dtCreateDate>2016-07-27T10:21:15.5201526+08:00</dtCreateDate>
      <dtUpdateDate>2016-07-27T10:21:15.5201526+08:00</dtUpdateDate>
      <bScrapFlag>false</bScrapFlag>
      <bStructuredStorage>true</bStructuredStorage>
      <iCreaterID>0</iCreaterID>
      <ucProductType>1</ucProductType>
      <ucFolderType>5</ucFolderType>
      <uiFolderNo>0</uiFolderNo>
      <ucReserve>0</ucReserve>
      <ucFileType>1</ucFileType>
    </D_Projectdata>
    <D_Projectdata diffgr:id="D_Projectdata20" msdata:rowOrder="19" diffgr:hasChanges="inserted">
      <iID>20</iID>
      <szName>IO.gh</szName>
      <dtCreateDate>2016-07-27T10:21:15.5211543+08:00</dtCreateDate>
      <dtUpdateDate>2016-07-27T10:21:15.5211543+08:00</dtUpdateDate>
      <bScrapFlag>false</bScrapFlag>
      <bStructuredStorage>true</bStructuredStorage>
      <iCreaterID>0</iCreaterID>
      <ucProductType>1</ucProductType>
      <ucFolderType>5</ucFolderType>
      <uiFolderNo>0</uiFolderNo>
      <ucReserve>0</ucReserve>
      <ucFileType>1</ucFileType>
    </D_Projectdata>
    <D_Projectdata diffgr:id="D_Projectdata21" msdata:rowOrder="20" diffgr:hasChanges="inserted">
      <iID>21</iID>
      <szName>Status.gh</szName>
      <dtCreateDate>2016-07-27T10:21:15.522154+08:00</dtCreateDate>
      <dtUpdateDate>2016-07-27T10:21:15.522154+08:00</dtUpdateDate>
      <bScrapFlag>false</bScrapFlag>
      <bStructuredStorage>true</bStructuredStorage>
      <iCreaterID>0</iCreaterID>
      <ucProductType>1</ucProductType>
      <ucFolderType>5</ucFolderType>
      <uiFolderNo>0</uiFolderNo>
      <ucReserve>0</ucReserve>
      <ucFileType>1</ucFileType>
    </D_Projectdata>
    <D_Projectdata diffgr:id="D_Projectdata22" msdata:rowOrder="21" diffgr:hasChanges="inserted">
      <iID>22</iID>
      <szName>Clear_Type.Labels.lh</szName>
      <dtCreateDate>2016-07-27T10:21:15.5231548+08:00</dtCreateDate>
      <dtUpdateDate>2016-07-27T10:21:15.5231548+08:00</dtUpdateDate>
      <bScrapFlag>false</bScrapFlag>
      <bStructuredStorage>true</bStructuredStorage>
      <iCreaterID>0</iCreaterID>
      <ucProductType>1</ucProductType>
      <ucFolderType>7</ucFolderType>
      <uiFolderNo>1</uiFolderNo>
      <ucReserve>0</ucReserve>
      <ucFileType>1</ucFileType>
    </D_Projectdata>
    <D_Projectdata diffgr:id="D_Projectdata23" msdata:rowOrder="22" diffgr:hasChanges="inserted">
      <iID>23</iID>
      <szName>Clear_Type.Program.pou</szName>
      <dtCreateDate>2016-07-27T10:21:15.5241559+08:00</dtCreateDate>
      <dtUpdateDate>2016-07-27T10:21:15.5241559+08:00</dtUpdateDate>
      <bScrapFlag>false</bScrapFlag>
      <bStructuredStorage>true</bStructuredStorage>
      <iCreaterID>0</iCreaterID>
      <ucProductType>1</ucProductType>
      <ucFolderType>7</ucFolderType>
      <uiFolderNo>1</uiFolderNo>
      <ucReserve>0</ucReserve>
      <ucFileType>2</ucFileType>
    </D_Projectdata>
    <D_Projectdata diffgr:id="D_Projectdata24" msdata:rowOrder="23" diffgr:hasChanges="inserted">
      <iID>24</iID>
      <szName>First_Screw1.Labels.lh</szName>
      <dtCreateDate>2016-07-27T10:21:15.5261569+08:00</dtCreateDate>
      <dtUpdateDate>2016-07-27T10:21:15.5261569+08:00</dtUpdateDate>
      <bScrapFlag>false</bScrapFlag>
      <bStructuredStorage>true</bStructuredStorage>
      <iCreaterID>0</iCreaterID>
      <ucProductType>1</ucProductType>
      <ucFolderType>7</ucFolderType>
      <uiFolderNo>2</uiFolderNo>
      <ucReserve>0</ucReserve>
      <ucFileType>1</ucFileType>
    </D_Projectdata>
    <D_Projectdata diffgr:id="D_Projectdata25" msdata:rowOrder="24" diffgr:hasChanges="inserted">
      <iID>25</iID>
      <szName>First_Screw1.Program.pou</szName>
      <dtCreateDate>2016-07-27T10:21:15.5301588+08:00</dtCreateDate>
      <dtUpdateDate>2016-07-27T10:21:15.5301588+08:00</dtUpdateDate>
      <bScrapFlag>false</bScrapFlag>
      <bStructuredStorage>true</bStructuredStorage>
      <iCreaterID>0</iCreaterID>
      <ucProductType>1</ucProductType>
      <ucFolderType>7</ucFolderType>
      <uiFolderNo>2</uiFolderNo>
      <ucReserve>0</ucReserve>
      <ucFileType>2</ucFileType>
    </D_Projectdata>
    <D_Projectdata diffgr:id="D_Projectdata26" msdata:rowOrder="25" diffgr:hasChanges="inserted">
      <iID>26</iID>
      <szName>JobSelectProg.Labels.lh</szName>
      <dtCreateDate>2016-07-27T10:21:15.5401659+08:00</dtCreateDate>
      <dtUpdateDate>2016-07-27T10:21:15.5401659+08:00</dtUpdateDate>
      <bScrapFlag>false</bScrapFlag>
      <bStructuredStorage>true</bStructuredStorage>
      <iCreaterID>0</iCreaterID>
      <ucProductType>1</ucProductType>
      <ucFolderType>7</ucFolderType>
      <uiFolderNo>3</uiFolderNo>
      <ucReserve>0</ucReserve>
      <ucFileType>1</ucFileType>
    </D_Projectdata>
    <D_Projectdata diffgr:id="D_Projectdata27" msdata:rowOrder="26" diffgr:hasChanges="inserted">
      <iID>27</iID>
      <szName>JobSelectProg.Program.pou</szName>
      <dtCreateDate>2016-07-27T10:21:15.5421673+08:00</dtCreateDate>
      <dtUpdateDate>2016-07-27T10:21:15.5421673+08:00</dtUpdateDate>
      <bScrapFlag>false</bScrapFlag>
      <bStructuredStorage>true</bStructuredStorage>
      <iCreaterID>0</iCreaterID>
      <ucProductType>1</ucProductType>
      <ucFolderType>7</ucFolderType>
      <uiFolderNo>3</uiFolderNo>
      <ucReserve>0</ucReserve>
      <ucFileType>2</ucFileType>
    </D_Projectdata>
    <D_Projectdata diffgr:id="D_Projectdata28" msdata:rowOrder="27" diffgr:hasChanges="inserted">
      <iID>28</iID>
      <szName>Manually.Labels.lh</szName>
      <dtCreateDate>2016-07-27T10:21:15.543168+08:00</dtCreateDate>
      <dtUpdateDate>2016-07-27T10:21:15.543168+08:00</dtUpdateDate>
      <bScrapFlag>false</bScrapFlag>
      <bStructuredStorage>true</bStructuredStorage>
      <iCreaterID>0</iCreaterID>
      <ucProductType>1</ucProductType>
      <ucFolderType>7</ucFolderType>
      <uiFolderNo>4</uiFolderNo>
      <ucReserve>0</ucReserve>
      <ucFileType>1</ucFileType>
    </D_Projectdata>
    <D_Projectdata diffgr:id="D_Projectdata29" msdata:rowOrder="28" diffgr:hasChanges="inserted">
      <iID>29</iID>
      <szName>Manually.Program.pou</szName>
      <dtCreateDate>2016-07-27T10:21:15.5451699+08:00</dtCreateDate>
      <dtUpdateDate>2016-07-27T10:21:15.5451699+08:00</dtUpdateDate>
      <bScrapFlag>false</bScrapFlag>
      <bStructuredStorage>true</bStructuredStorage>
      <iCreaterID>0</iCreaterID>
      <ucProductType>1</ucProductType>
      <ucFolderType>7</ucFolderType>
      <uiFolderNo>4</uiFolderNo>
      <ucReserve>0</ucReserve>
      <ucFileType>2</ucFileType>
    </D_Projectdata>
    <D_Projectdata diffgr:id="D_Projectdata30" msdata:rowOrder="29" diffgr:hasChanges="inserted">
      <iID>30</iID>
      <szName>Parameter_Change.Labels.lh</szName>
      <dtCreateDate>2016-07-27T10:21:15.5461697+08:00</dtCreateDate>
      <dtUpdateDate>2016-07-27T10:21:15.5461697+08:00</dtUpdateDate>
      <bScrapFlag>false</bScrapFlag>
      <bStructuredStorage>true</bStructuredStorage>
      <iCreaterID>0</iCreaterID>
      <ucProductType>1</ucProductType>
      <ucFolderType>7</ucFolderType>
      <uiFolderNo>5</uiFolderNo>
      <ucReserve>0</ucReserve>
      <ucFileType>1</ucFileType>
    </D_Projectdata>
    <D_Projectdata diffgr:id="D_Projectdata31" msdata:rowOrder="30" diffgr:hasChanges="inserted">
      <iID>31</iID>
      <szName>Parameter_Change.Program.pou</szName>
      <dtCreateDate>2016-07-27T10:21:15.5471709+08:00</dtCreateDate>
      <dtUpdateDate>2016-07-27T10:21:15.5481711+08:00</dtUpdateDate>
      <bScrapFlag>false</bScrapFlag>
      <bStructuredStorage>true</bStructuredStorage>
      <iCreaterID>0</iCreaterID>
      <ucProductType>1</ucProductType>
      <ucFolderType>7</ucFolderType>
      <uiFolderNo>5</uiFolderNo>
      <ucReserve>0</ucReserve>
      <ucFileType>2</ucFileType>
    </D_Projectdata>
    <D_Projectdata diffgr:id="D_Projectdata32" msdata:rowOrder="31" diffgr:hasChanges="inserted">
      <iID>32</iID>
      <szName>POU_01.Labels.lh</szName>
      <dtCreateDate>2016-07-27T10:21:15.5491723+08:00</dtCreateDate>
      <dtUpdateDate>2016-07-27T10:21:15.5491723+08:00</dtUpdateDate>
      <bScrapFlag>false</bScrapFlag>
      <bStructuredStorage>true</bStructuredStorage>
      <iCreaterID>0</iCreaterID>
      <ucProductType>1</ucProductType>
      <ucFolderType>7</ucFolderType>
      <uiFolderNo>6</uiFolderNo>
      <ucReserve>0</ucReserve>
      <ucFileType>1</ucFileType>
    </D_Projectdata>
    <D_Projectdata diffgr:id="D_Projectdata33" msdata:rowOrder="32" diffgr:hasChanges="inserted">
      <iID>33</iID>
      <szName>POU_01.Program.pou</szName>
      <dtCreateDate>2016-07-27T10:21:15.550173+08:00</dtCreateDate>
      <dtUpdateDate>2016-07-27T10:21:15.550173+08:00</dtUpdateDate>
      <bScrapFlag>false</bScrapFlag>
      <bStructuredStorage>true</bStructuredStorage>
      <iCreaterID>0</iCreaterID>
      <ucProductType>1</ucProductType>
      <ucFolderType>7</ucFolderType>
      <uiFolderNo>6</uiFolderNo>
      <ucReserve>0</ucReserve>
      <ucFileType>2</ucFileType>
    </D_Projectdata>
    <D_Projectdata diffgr:id="D_Projectdata34" msdata:rowOrder="33" diffgr:hasChanges="inserted">
      <iID>34</iID>
      <szName>Reverse.Labels.lh</szName>
      <dtCreateDate>2016-07-27T10:21:15.5511737+08:00</dtCreateDate>
      <dtUpdateDate>2016-07-27T10:21:15.5511737+08:00</dtUpdateDate>
      <bScrapFlag>false</bScrapFlag>
      <bStructuredStorage>true</bStructuredStorage>
      <iCreaterID>0</iCreaterID>
      <ucProductType>1</ucProductType>
      <ucFolderType>7</ucFolderType>
      <uiFolderNo>7</uiFolderNo>
      <ucReserve>0</ucReserve>
      <ucFileType>1</ucFileType>
    </D_Projectdata>
    <D_Projectdata diffgr:id="D_Projectdata35" msdata:rowOrder="34" diffgr:hasChanges="inserted">
      <iID>35</iID>
      <szName>Reverse.Program.pou</szName>
      <dtCreateDate>2016-07-27T10:21:15.5521744+08:00</dtCreateDate>
      <dtUpdateDate>2016-07-27T10:21:15.5521744+08:00</dtUpdateDate>
      <bScrapFlag>false</bScrapFlag>
      <bStructuredStorage>true</bStructuredStorage>
      <iCreaterID>0</iCreaterID>
      <ucProductType>1</ucProductType>
      <ucFolderType>7</ucFolderType>
      <uiFolderNo>7</uiFolderNo>
      <ucReserve>0</ucReserve>
      <ucFileType>2</ucFileType>
    </D_Projectdata>
    <D_Projectdata diffgr:id="D_Projectdata36" msdata:rowOrder="35" diffgr:hasChanges="inserted">
      <iID>36</iID>
      <szName>Second_Screw1.Labels.lh</szName>
      <dtCreateDate>2016-07-27T10:21:15.5531756+08:00</dtCreateDate>
      <dtUpdateDate>2016-07-27T10:21:15.5531756+08:00</dtUpdateDate>
      <bScrapFlag>false</bScrapFlag>
      <bStructuredStorage>true</bStructuredStorage>
      <iCreaterID>0</iCreaterID>
      <ucProductType>1</ucProductType>
      <ucFolderType>7</ucFolderType>
      <uiFolderNo>8</uiFolderNo>
      <ucReserve>0</ucReserve>
      <ucFileType>1</ucFileType>
    </D_Projectdata>
    <D_Projectdata diffgr:id="D_Projectdata37" msdata:rowOrder="36" diffgr:hasChanges="inserted">
      <iID>37</iID>
      <szName>Second_Screw1.Program.pou</szName>
      <dtCreateDate>2016-07-27T10:21:15.5541759+08:00</dtCreateDate>
      <dtUpdateDate>2016-07-27T10:21:15.5541759+08:00</dtUpdateDate>
      <bScrapFlag>false</bScrapFlag>
      <bStructuredStorage>true</bStructuredStorage>
      <iCreaterID>0</iCreaterID>
      <ucProductType>1</ucProductType>
      <ucFolderType>7</ucFolderType>
      <uiFolderNo>8</uiFolderNo>
      <ucReserve>0</ucReserve>
      <ucFileType>2</ucFileType>
    </D_Projectdata>
    <D_Projectdata diffgr:id="D_Projectdata38" msdata:rowOrder="37" diffgr:hasChanges="inserted">
      <iID>38</iID>
      <szName>Switch_Set.Labels.lh</szName>
      <dtCreateDate>2016-07-27T10:21:15.5551775+08:00</dtCreateDate>
      <dtUpdateDate>2016-07-27T10:21:15.5551775+08:00</dtUpdateDate>
      <bScrapFlag>false</bScrapFlag>
      <bStructuredStorage>true</bStructuredStorage>
      <iCreaterID>0</iCreaterID>
      <ucProductType>1</ucProductType>
      <ucFolderType>7</ucFolderType>
      <uiFolderNo>9</uiFolderNo>
      <ucReserve>0</ucReserve>
      <ucFileType>1</ucFileType>
    </D_Projectdata>
    <D_Projectdata diffgr:id="D_Projectdata39" msdata:rowOrder="38" diffgr:hasChanges="inserted">
      <iID>39</iID>
      <szName>Switch_Set.Program.pou</szName>
      <dtCreateDate>2016-07-27T10:21:15.5561782+08:00</dtCreateDate>
      <dtUpdateDate>2016-07-27T10:21:15.5561782+08:00</dtUpdateDate>
      <bScrapFlag>false</bScrapFlag>
      <bStructuredStorage>true</bStructuredStorage>
      <iCreaterID>0</iCreaterID>
      <ucProductType>1</ucProductType>
      <ucFolderType>7</ucFolderType>
      <uiFolderNo>9</uiFolderNo>
      <ucReserve>0</ucReserve>
      <ucFileType>2</ucFileType>
    </D_Projectdata>
    <D_Projectdata diffgr:id="D_Projectdata40" msdata:rowOrder="39" diffgr:hasChanges="inserted">
      <iID>40</iID>
      <szName>Param.wpa</szName>
      <dtCreateDate>2016-07-27T10:21:15.5581796+08:00</dtCreateDate>
      <dtUpdateDate>2016-07-27T10:21:15.5581796+08:00</dtUpdateDate>
      <bScrapFlag>false</bScrapFlag>
      <bStructuredStorage>true</bStructuredStorage>
      <iCreaterID>0</iCreaterID>
      <ucProductType>1</ucProductType>
      <ucFolderType>2</ucFolderType>
      <uiFolderNo>0</uiFolderNo>
      <ucReserve>0</ucReserve>
      <ucFileType>1</ucFileType>
    </D_Projectdata>
    <D_Projectdata diffgr:id="D_Projectdata41" msdata:rowOrder="40" diffgr:hasChanges="inserted">
      <iID>41</iID>
      <szName>Param.lup</szName>
      <dtCreateDate>2016-07-27T10:21:15.5591799+08:00</dtCreateDate>
      <dtUpdateDate>2016-07-27T10:21:15.5591799+08:00</dtUpdateDate>
      <bScrapFlag>false</bScrapFlag>
      <bStructuredStorage>true</bStructuredStorage>
      <iCreaterID>0</iCreaterID>
      <ucProductType>1</ucProductType>
      <ucFolderType>2</ucFolderType>
      <uiFolderNo>0</uiFolderNo>
      <ucReserve>0</ucReserve>
      <ucFileType>2</ucFileType>
    </D_Projectdata>
    <D_Projectdata diffgr:id="D_Projectdata42" msdata:rowOrder="41" diffgr:hasChanges="inserted">
      <iID>42</iID>
      <szName>COMMENT.qcd</szName>
      <dtCreateDate>2016-07-27T10:21:15.5601811+08:00</dtCreateDate>
      <dtUpdateDate>2016-07-27T10:21:15.5601811+08:00</dtUpdateDate>
      <bScrapFlag>false</bScrapFlag>
      <bStructuredStorage>true</bStructuredStorage>
      <iCreaterID>0</iCreaterID>
      <ucProductType>1</ucProductType>
      <ucFolderType>6</ucFolderType>
      <uiFolderNo>0</uiFolderNo>
      <ucReserve>0</ucReserve>
      <ucFileType>1</ucFileType>
    </D_Projectdata>
    <D_Projectdata diffgr:id="D_Projectdata43" msdata:rowOrder="42" diffgr:hasChanges="inserted">
      <iID>43</iID>
      <szName>MAIN.qdv</szName>
      <dtCreateDate>2016-07-27T10:21:15.5611813+08:00</dtCreateDate>
      <dtUpdateDate>2016-07-27T10:21:15.5611813+08:00</dtUpdateDate>
      <bScrapFlag>false</bScrapFlag>
      <bStructuredStorage>true</bStructuredStorage>
      <iCreaterID>0</iCreaterID>
      <ucProductType>1</ucProductType>
      <ucFolderType>6</ucFolderType>
      <uiFolderNo>0</uiFolderNo>
      <ucReserve>0</ucReserve>
      <ucFileType>2</ucFileType>
    </D_Projectdata>
    <D_Projectdata diffgr:id="D_Projectdata44" msdata:rowOrder="43" diffgr:hasChanges="inserted">
      <iID>44</iID>
      <szName>AUTOEXEC.wbt</szName>
      <dtCreateDate>2016-07-27T10:21:15.562182+08:00</dtCreateDate>
      <dtUpdateDate>2016-07-27T10:21:15.562182+08:00</dtUpdateDate>
      <bScrapFlag>false</bScrapFlag>
      <bStructuredStorage>true</bStructuredStorage>
      <iCreaterID>0</iCreaterID>
      <ucProductType>1</ucProductType>
      <ucFolderType>2</ucFolderType>
      <uiFolderNo>0</uiFolderNo>
      <ucReserve>0</ucReserve>
      <ucFileType>4</ucFileType>
    </D_Projectdata>
    <D_Projectdata diffgr:id="D_Projectdata45" msdata:rowOrder="44" diffgr:hasChanges="inserted">
      <iID>45</iID>
      <szName>00000000.qtm</szName>
      <dtCreateDate>2016-07-27T10:21:15.5641839+08:00</dtCreateDate>
      <dtUpdateDate>2016-07-27T10:21:15.5641839+08:00</dtUpdateDate>
      <bScrapFlag>false</bScrapFlag>
      <bStructuredStorage>true</bStructuredStorage>
      <iCreaterID>0</iCreaterID>
      <ucProductType>1</ucProductType>
      <ucFolderType>6</ucFolderType>
      <uiFolderNo>0</uiFolderNo>
      <ucReserve>0</ucReserve>
      <ucFileType>5</ucFileType>
    </D_Projectdata>
    <D_Projectdata diffgr:id="D_Projectdata46" msdata:rowOrder="45" diffgr:hasChanges="inserted">
      <iID>46</iID>
      <szName>Counter.lif</szName>
      <dtCreateDate>2016-07-27T10:21:15.5641839+08:00</dtCreateDate>
      <dtUpdateDate>2016-07-27T10:21:15.5641839+08:00</dtUpdateDate>
      <bScrapFlag>false</bScrapFlag>
      <bStructuredStorage>true</bStructuredStorage>
      <iCreaterID>0</iCreaterID>
      <ucProductType>1</ucProductType>
      <ucFolderType>80</ucFolderType>
      <uiFolderNo>0</uiFolderNo>
      <ucReserve>0</ucReserve>
      <ucFileType>0</ucFileType>
    </D_Projectdata>
    <D_Projectdata diffgr:id="D_Projectdata47" msdata:rowOrder="46" diffgr:hasChanges="inserted">
      <iID>47</iID>
      <szName>0155000000000000\Counter.col</szName>
      <dtCreateDate>2016-07-27T10:21:15.5651846+08:00</dtCreateDate>
      <dtUpdateDate>2016-07-27T10:21:15.5651846+08:00</dtUpdateDate>
      <bScrapFlag>false</bScrapFlag>
      <bStructuredStorage>true</bStructuredStorage>
      <iCreaterID>0</iCreaterID>
      <ucProductType>1</ucProductType>
      <ucFolderType>85</ucFolderType>
      <uiFolderNo>0</uiFolderNo>
      <ucReserve>0</ucReserve>
      <ucFileType>0</ucFileType>
    </D_Projectdata>
    <D_Projectdata diffgr:id="D_Projectdata48" msdata:rowOrder="47" diffgr:hasChanges="inserted">
      <iID>48</iID>
      <szName>0154000000000000\Counter.col</szName>
      <dtCreateDate>2016-07-27T10:21:15.5661853+08:00</dtCreateDate>
      <dtUpdateDate>2016-07-27T10:21:15.5661853+08:00</dtUpdateDate>
      <bScrapFlag>false</bScrapFlag>
      <bStructuredStorage>true</bStructuredStorage>
      <iCreaterID>0</iCreaterID>
      <ucProductType>1</ucProductType>
      <ucFolderType>84</ucFolderType>
      <uiFolderNo>0</uiFolderNo>
      <ucReserve>0</ucReserve>
      <ucFileType>0</ucFileType>
    </D_Projectdata>
    <D_Projectdata diffgr:id="D_Projectdata49" msdata:rowOrder="48" diffgr:hasChanges="inserted">
      <iID>49</iID>
      <szName>CounterLabel\Counter.lng</szName>
      <dtCreateDate>2016-07-27T10:21:15.5661853+08:00</dtCreateDate>
      <dtUpdateDate>2016-07-27T10:21:15.5661853+08:00</dtUpdateDate>
      <bScrapFlag>false</bScrapFlag>
      <bStructuredStorage>true</bStructuredStorage>
      <iCreaterID>0</iCreaterID>
      <ucProductType>1</ucProductType>
      <ucFolderType>91</ucFolderType>
      <uiFolderNo>0</uiFolderNo>
      <ucReserve>0</ucReserve>
      <ucFileType>0</ucFileType>
    </D_Projectdata>
    <D_Projectdata diffgr:id="D_Projectdata50" msdata:rowOrder="49" diffgr:hasChanges="inserted">
      <iID>50</iID>
      <szName>CounterLabel\Counter.lgv</szName>
      <dtCreateDate>2016-07-27T10:21:15.5671851+08:00</dtCreateDate>
      <dtUpdateDate>2016-07-27T10:21:15.5671851+08:00</dtUpdateDate>
      <bScrapFlag>false</bScrapFlag>
      <bStructuredStorage>true</bStructuredStorage>
      <iCreaterID>0</iCreaterID>
      <ucProductType>1</ucProductType>
      <ucFolderType>82</ucFolderType>
      <uiFolderNo>0</uiFolderNo>
      <ucReserve>0</ucReserve>
      <ucFileType>0</ucFileType>
    </D_Projectdata>
    <D_Projectdata diffgr:id="D_Projectdata51" msdata:rowOrder="50" diffgr:hasChanges="inserted">
      <iID>51</iID>
      <szName>0156000000000001\Counter.col</szName>
      <dtCreateDate>2016-07-27T10:21:15.5681853+08:00</dtCreateDate>
      <dtUpdateDate>2016-07-27T10:21:15.5681853+08:00</dtUpdateDate>
      <bScrapFlag>false</bScrapFlag>
      <bStructuredStorage>true</bStructuredStorage>
      <iCreaterID>0</iCreaterID>
      <ucProductType>1</ucProductType>
      <ucFolderType>86</ucFolderType>
      <uiFolderNo>0</uiFolderNo>
      <ucReserve>0</ucReserve>
      <ucFileType>1</ucFileType>
    </D_Projectdata>
    <D_Projectdata diffgr:id="D_Projectdata52" msdata:rowOrder="51" diffgr:hasChanges="inserted">
      <iID>52</iID>
      <szName>CounterFB.Labels\Counter.lnl</szName>
      <dtCreateDate>2016-07-27T10:21:15.5681853+08:00</dtCreateDate>
      <dtUpdateDate>2016-07-27T10:21:15.5681853+08:00</dtUpdateDate>
      <bScrapFlag>false</bScrapFlag>
      <bStructuredStorage>true</bStructuredStorage>
      <iCreaterID>0</iCreaterID>
      <ucProductType>1</ucProductType>
      <ucFolderType>92</ucFolderType>
      <uiFolderNo>1</uiFolderNo>
      <ucReserve>0</ucReserve>
      <ucFileType>1</ucFileType>
    </D_Projectdata>
    <D_Projectdata diffgr:id="D_Projectdata53" msdata:rowOrder="52" diffgr:hasChanges="inserted">
      <iID>53</iID>
      <szName>CounterFB.Labels\Counter.llv</szName>
      <dtCreateDate>2016-07-27T10:21:15.5691861+08:00</dtCreateDate>
      <dtUpdateDate>2016-07-27T10:21:15.5691861+08:00</dtUpdateDate>
      <bScrapFlag>false</bScrapFlag>
      <bStructuredStorage>true</bStructuredStorage>
      <iCreaterID>0</iCreaterID>
      <ucProductType>1</ucProductType>
      <ucFolderType>83</ucFolderType>
      <uiFolderNo>1</uiFolderNo>
      <ucReserve>0</ucReserve>
      <ucFileType>1</ucFileType>
    </D_Projectdata>
    <D_Projectdata diffgr:id="D_Projectdata54" msdata:rowOrder="53" diffgr:hasChanges="inserted">
      <iID>54</iID>
      <szName>CounterFB.Program\Counter.lnb</szName>
      <dtCreateDate>2016-07-27T10:21:15.5701872+08:00</dtCreateDate>
      <dtUpdateDate>2016-07-27T10:21:15.5701872+08:00</dtUpdateDate>
      <bScrapFlag>false</bScrapFlag>
      <bStructuredStorage>true</bStructuredStorage>
      <iCreaterID>0</iCreaterID>
      <ucProductType>1</ucProductType>
      <ucFolderType>92</ucFolderType>
      <uiFolderNo>1</uiFolderNo>
      <ucReserve>0</ucReserve>
      <ucFileType>2</ucFileType>
    </D_Projectdata>
    <D_Projectdata diffgr:id="D_Projectdata55" msdata:rowOrder="54" diffgr:hasChanges="inserted">
      <iID>55</iID>
      <szName>CounterFB.Program\Counter.lbo</szName>
      <dtCreateDate>2016-07-27T10:21:15.5701872+08:00</dtCreateDate>
      <dtUpdateDate>2016-07-27T10:21:15.5701872+08:00</dtUpdateDate>
      <bScrapFlag>false</bScrapFlag>
      <bStructuredStorage>true</bStructuredStorage>
      <iCreaterID>0</iCreaterID>
      <ucProductType>1</ucProductType>
      <ucFolderType>83</ucFolderType>
      <uiFolderNo>1</uiFolderNo>
      <ucReserve>0</ucReserve>
      <ucFileType>2</ucFileType>
    </D_Projectdata>
    <D_Projectdata diffgr:id="D_Projectdata56" msdata:rowOrder="55" diffgr:hasChanges="inserted">
      <iID>56</iID>
      <szName>MachineStopCount.Labels\Counter.lnl</szName>
      <dtCreateDate>2016-07-27T10:21:15.5711875+08:00</dtCreateDate>
      <dtUpdateDate>2016-07-27T10:21:15.5711875+08:00</dtUpdateDate>
      <bScrapFlag>false</bScrapFlag>
      <bStructuredStorage>true</bStructuredStorage>
      <iCreaterID>0</iCreaterID>
      <ucProductType>1</ucProductType>
      <ucFolderType>92</ucFolderType>
      <uiFolderNo>2</uiFolderNo>
      <ucReserve>0</ucReserve>
      <ucFileType>1</ucFileType>
    </D_Projectdata>
    <D_Projectdata diffgr:id="D_Projectdata57" msdata:rowOrder="56" diffgr:hasChanges="inserted">
      <iID>57</iID>
      <szName>MachineStopCount.Labels\Counter.llv</szName>
      <dtCreateDate>2016-07-27T10:21:15.5721891+08:00</dtCreateDate>
      <dtUpdateDate>2016-07-27T10:21:15.5721891+08:00</dtUpdateDate>
      <bScrapFlag>false</bScrapFlag>
      <bStructuredStorage>true</bStructuredStorage>
      <iCreaterID>0</iCreaterID>
      <ucProductType>1</ucProductType>
      <ucFolderType>83</ucFolderType>
      <uiFolderNo>2</uiFolderNo>
      <ucReserve>0</ucReserve>
      <ucFileType>1</ucFileType>
    </D_Projectdata>
    <D_Projectdata diffgr:id="D_Projectdata58" msdata:rowOrder="57" diffgr:hasChanges="inserted">
      <iID>58</iID>
      <szName>MachineStopCount.Program\Counter.lnb</szName>
      <dtCreateDate>2016-07-27T10:21:15.5731889+08:00</dtCreateDate>
      <dtUpdateDate>2016-07-27T10:21:15.5731889+08:00</dtUpdateDate>
      <bScrapFlag>false</bScrapFlag>
      <bStructuredStorage>true</bStructuredStorage>
      <iCreaterID>0</iCreaterID>
      <ucProductType>1</ucProductType>
      <ucFolderType>92</ucFolderType>
      <uiFolderNo>2</uiFolderNo>
      <ucReserve>0</ucReserve>
      <ucFileType>2</ucFileType>
    </D_Projectdata>
    <D_Projectdata diffgr:id="D_Projectdata59" msdata:rowOrder="58" diffgr:hasChanges="inserted">
      <iID>59</iID>
      <szName>MachineStopCount.Program\Counter.lbo</szName>
      <dtCreateDate>2016-07-27T10:21:15.5731889+08:00</dtCreateDate>
      <dtUpdateDate>2016-07-27T10:21:15.5731889+08:00</dtUpdateDate>
      <bScrapFlag>false</bScrapFlag>
      <bStructuredStorage>true</bStructuredStorage>
      <iCreaterID>0</iCreaterID>
      <ucProductType>1</ucProductType>
      <ucFolderType>83</ucFolderType>
      <uiFolderNo>2</uiFolderNo>
      <ucReserve>0</ucReserve>
      <ucFileType>2</ucFileType>
    </D_Projectdata>
    <D_Projectdata diffgr:id="D_Projectdata60" msdata:rowOrder="59" diffgr:hasChanges="inserted">
      <iID>60</iID>
      <szName>Over3TimesStopMachine.Labels\Counter.lnl</szName>
      <dtCreateDate>2016-07-27T10:21:15.5741896+08:00</dtCreateDate>
      <dtUpdateDate>2016-07-27T10:21:15.5741896+08:00</dtUpdateDate>
      <bScrapFlag>false</bScrapFlag>
      <bStructuredStorage>true</bStructuredStorage>
      <iCreaterID>0</iCreaterID>
      <ucProductType>1</ucProductType>
      <ucFolderType>92</ucFolderType>
      <uiFolderNo>3</uiFolderNo>
      <ucReserve>0</ucReserve>
      <ucFileType>1</ucFileType>
    </D_Projectdata>
    <D_Projectdata diffgr:id="D_Projectdata61" msdata:rowOrder="60" diffgr:hasChanges="inserted">
      <iID>61</iID>
      <szName>Over3TimesStopMachine.Labels\Counter.llv</szName>
      <dtCreateDate>2016-07-27T10:21:15.5751903+08:00</dtCreateDate>
      <dtUpdateDate>2016-07-27T10:21:15.5751903+08:00</dtUpdateDate>
      <bScrapFlag>false</bScrapFlag>
      <bStructuredStorage>true</bStructuredStorage>
      <iCreaterID>0</iCreaterID>
      <ucProductType>1</ucProductType>
      <ucFolderType>83</ucFolderType>
      <uiFolderNo>3</uiFolderNo>
      <ucReserve>0</ucReserve>
      <ucFileType>1</ucFileType>
    </D_Projectdata>
    <D_Projectdata diffgr:id="D_Projectdata62" msdata:rowOrder="61" diffgr:hasChanges="inserted">
      <iID>62</iID>
      <szName>Over3TimesStopMachine.Program\Counter.lnb</szName>
      <dtCreateDate>2016-07-27T10:21:15.576191+08:00</dtCreateDate>
      <dtUpdateDate>2016-07-27T10:21:15.576191+08:00</dtUpdateDate>
      <bScrapFlag>false</bScrapFlag>
      <bStructuredStorage>true</bStructuredStorage>
      <iCreaterID>0</iCreaterID>
      <ucProductType>1</ucProductType>
      <ucFolderType>92</ucFolderType>
      <uiFolderNo>3</uiFolderNo>
      <ucReserve>0</ucReserve>
      <ucFileType>2</ucFileType>
    </D_Projectdata>
    <D_Projectdata diffgr:id="D_Projectdata63" msdata:rowOrder="62" diffgr:hasChanges="inserted">
      <iID>63</iID>
      <szName>Over3TimesStopMachine.Program\Counter.lbo</szName>
      <dtCreateDate>2016-07-27T10:21:15.576191+08:00</dtCreateDate>
      <dtUpdateDate>2016-07-27T10:21:15.576191+08:00</dtUpdateDate>
      <bScrapFlag>false</bScrapFlag>
      <bStructuredStorage>true</bStructuredStorage>
      <iCreaterID>0</iCreaterID>
      <ucProductType>1</ucProductType>
      <ucFolderType>83</ucFolderType>
      <uiFolderNo>3</uiFolderNo>
      <ucReserve>0</ucReserve>
      <ucFileType>2</ucFileType>
    </D_Projectdata>
    <D_Projectdata diffgr:id="D_Projectdata64" msdata:rowOrder="63" diffgr:hasChanges="inserted">
      <iID>64</iID>
      <szName>UserLibrary.col</szName>
      <dtCreateDate>2016-07-27T10:21:15.5771922+08:00</dtCreateDate>
      <dtUpdateDate>2016-07-27T10:21:15.5771922+08:00</dtUpdateDate>
      <bScrapFlag>false</bScrapFlag>
      <bStructuredStorage>true</bStructuredStorage>
      <iCreaterID>0</iCreaterID>
      <ucProductType>1</ucProductType>
      <ucFolderType>87</ucFolderType>
      <uiFolderNo>0</uiFolderNo>
      <ucReserve>0</ucReserve>
      <ucFileType>1</ucFileType>
    </D_Projectdata>
    <D_Projectdata diffgr:id="D_Projectdata65" msdata:rowOrder="64" diffgr:hasChanges="inserted">
      <iID>65</iID>
      <szName>MELSECFunction.lif</szName>
      <dtCreateDate>2016-07-27T10:21:15.5781925+08:00</dtCreateDate>
      <dtUpdateDate>2016-07-27T10:21:15.5781925+08:00</dtUpdateDate>
      <bScrapFlag>false</bScrapFlag>
      <bStructuredStorage>true</bStructuredStorage>
      <iCreaterID>0</iCreaterID>
      <ucProductType>1</ucProductType>
      <ucFolderType>48</ucFolderType>
      <uiFolderNo>0</uiFolderNo>
      <ucReserve>0</ucReserve>
      <ucFileType>0</ucFileType>
    </D_Projectdata>
    <D_Projectdata diffgr:id="D_Projectdata66" msdata:rowOrder="65" diffgr:hasChanges="inserted">
      <iID>66</iID>
      <szName>IECFunction.lif</szName>
      <dtCreateDate>2016-07-27T10:21:15.5791932+08:00</dtCreateDate>
      <dtUpdateDate>2016-07-27T10:21:15.5791932+08:00</dtUpdateDate>
      <bScrapFlag>false</bScrapFlag>
      <bStructuredStorage>true</bStructuredStorage>
      <iCreaterID>0</iCreaterID>
      <ucProductType>1</ucProductType>
      <ucFolderType>64</ucFolderType>
      <uiFolderNo>0</uiFolderNo>
      <ucReserve>0</ucReserve>
      <ucFileType>0</ucFileType>
    </D_Projectdata>
    <D_Projectdata diffgr:id="D_Projectdata67" msdata:rowOrder="66" diffgr:hasChanges="inserted">
      <iID>67</iID>
      <szName>MELSEC_LIB2.lif</szName>
      <dtCreateDate>2016-07-27T10:21:15.5801943+08:00</dtCreateDate>
      <dtUpdateDate>2016-07-27T10:21:15.5801943+08:00</dtUpdateDate>
      <bScrapFlag>false</bScrapFlag>
      <bStructuredStorage>true</bStructuredStorage>
      <iCreaterID>0</iCreaterID>
      <ucProductType>1</ucProductType>
      <ucFolderType>49</ucFolderType>
      <uiFolderNo>0</uiFolderNo>
      <ucReserve>0</ucReserve>
      <ucFileType>0</ucFileType>
    </D_Projectdata>
    <D_Projectdata diffgr:id="D_Projectdata68" msdata:rowOrder="67" diffgr:hasChanges="inserted">
      <iID>68</iID>
      <szName>BlockPassword.bpw</szName>
      <dtCreateDate>2016-07-27T10:21:15.5811946+08:00</dtCreateDate>
      <dtUpdateDate>2016-07-27T10:21:15.5811946+08:00</dtUpdateDate>
      <bScrapFlag>false</bScrapFlag>
      <bStructuredStorage>true</bStructuredStorage>
      <iCreaterID>0</iCreaterID>
      <ucProductType>1</ucProductType>
      <ucFolderType>112</ucFolderType>
      <uiFolderNo>0</uiFolderNo>
      <ucReserve>0</ucReserve>
      <ucFileType>1</ucFileType>
    </D_Projectdata>
    <D_Projectdata diffgr:id="D_Projectdata69" msdata:rowOrder="68" diffgr:hasChanges="inserted">
      <iID>69</iID>
      <szName>SamplingTrace.qtd</szName>
      <dtCreateDate>2016-07-27T10:21:15.5821953+08:00</dtCreateDate>
      <dtUpdateDate>2016-07-27T10:21:15.5821953+08:00</dtUpdateDate>
      <bScrapFlag>false</bScrapFlag>
      <bStructuredStorage>true</bStructuredStorage>
      <iCreaterID>0</iCreaterID>
      <ucProductType>1</ucProductType>
      <ucFolderType>6</ucFolderType>
      <uiFolderNo>0</uiFolderNo>
      <ucReserve>0</ucReserve>
      <ucFileType>6</ucFileType>
    </D_Projectdata>
    <D_Projectdata diffgr:id="D_Projectdata70" msdata:rowOrder="69" diffgr:hasChanges="inserted">
      <iID>70</iID>
      <szName>SystemLabel.sld</szName>
      <dtCreateDate>2016-07-27T10:21:15.5821953+08:00</dtCreateDate>
      <dtUpdateDate>2016-07-27T10:21:15.5821953+08:00</dtUpdateDate>
      <bScrapFlag>false</bScrapFlag>
      <bStructuredStorage>true</bStructuredStorage>
      <iCreaterID>0</iCreaterID>
      <ucProductType>1</ucProductType>
      <ucFolderType>6</ucFolderType>
      <uiFolderNo>0</uiFolderNo>
      <ucReserve>0</ucReserve>
      <ucFileType>7</ucFileType>
    </D_Projectdata>
    <D_Projectdata diffgr:id="D_Projectdata71" msdata:rowOrder="70" diffgr:hasChanges="inserted">
      <iID>71</iID>
      <szName>16-405_20160727.pji</szName>
      <dtCreateDate>2016-07-27T10:21:17.2774007+08:00</dtCreateDate>
      <dtUpdateDate>2016-07-27T10:21:17.2774007+08:00</dtUpdateDate>
      <bScrapFlag>false</bScrapFlag>
      <bStructuredStorage>true</bStructuredStorage>
      <iCreaterID>0</iCreaterID>
      <ucProductType>1</ucProductType>
      <ucFolderType>6</ucFolderType>
      <uiFolderNo>0</uiFolderNo>
      <ucReserve>0</ucReserve>
      <ucFileType>4</ucFileType>
    </D_Projectdata>
    <D_Projectdata diffgr:id="D_Projectdata72" msdata:rowOrder="71" diffgr:hasChanges="inserted">
      <iID>72</iID>
      <szName>DeviceAssignment.dat</szName>
      <dtCreateDate>2016-07-27T10:21:17.4855481+08:00</dtCreateDate>
      <dtUpdateDate>2016-07-27T10:21:17.4855481+08:00</dtUpdateDate>
      <bScrapFlag>false</bScrapFlag>
      <bStructuredStorage>true</bStructuredStorage>
      <iCreaterID>3</iCreaterID>
      <ucProductType>0</ucProductType>
      <ucFolderType>0</ucFolderType>
      <uiFolderNo>16842752</uiFolderNo>
      <ucReserve>0</ucReserve>
      <ucFileType>-64</ucFileType>
    </D_Projectdata>
    <D_Projectdata diffgr:id="D_Projectdata73" msdata:rowOrder="72" diffgr:hasChanges="inserted">
      <iID>73</iID>
      <szName>ProgramAnalysis.dat</szName>
      <dtCreateDate>2016-07-27T10:21:17.4915523+08:00</dtCreateDate>
      <dtUpdateDate>2016-07-27T10:21:17.4915523+08:00</dtUpdateDate>
      <bScrapFlag>false</bScrapFlag>
      <bStructuredStorage>true</bStructuredStorage>
      <iCreaterID>3</iCreaterID>
      <ucProductType>0</ucProductType>
      <ucFolderType>0</ucFolderType>
      <uiFolderNo>16842752</uiFolderNo>
      <ucReserve>0</ucReserve>
      <ucFileType>-64</ucFileType>
    </D_Projectdata>
    <D_Projectdata diffgr:id="D_Projectdata74" msdata:rowOrder="73" diffgr:hasChanges="inserted">
      <iID>74</iID>
      <szName>DebugInformation.dat</szName>
      <dtCreateDate>2016-07-27T10:21:17.4935538+08:00</dtCreateDate>
      <dtUpdateDate>2016-07-27T10:21:17.4935538+08:00</dtUpdateDate>
      <bScrapFlag>false</bScrapFlag>
      <bStructuredStorage>true</bStructuredStorage>
      <iCreaterID>3</iCreaterID>
      <ucProductType>0</ucProductType>
      <ucFolderType>0</ucFolderType>
      <uiFolderNo>16842752</uiFolderNo>
      <ucReserve>0</ucReserve>
      <ucFileType>-64</ucFileType>
    </D_Projectdata>
    <D_Projectdata diffgr:id="D_Projectdata75" msdata:rowOrder="74" diffgr:hasChanges="inserted">
      <iID>75</iID>
      <szName>CallTree.dat</szName>
      <dtCreateDate>2016-07-27T10:21:17.4955771+08:00</dtCreateDate>
      <dtUpdateDate>2016-07-27T10:21:17.4955771+08:00</dtUpdateDate>
      <bScrapFlag>false</bScrapFlag>
      <bStructuredStorage>true</bStructuredStorage>
      <iCreaterID>3</iCreaterID>
      <ucProductType>0</ucProductType>
      <ucFolderType>0</ucFolderType>
      <uiFolderNo>16842752</uiFolderNo>
      <ucReserve>0</ucReserve>
      <ucFileType>-64</ucFileType>
    </D_Projectdata>
    <D_Projectdata diffgr:id="D_Projectdata76" msdata:rowOrder="75" diffgr:hasChanges="inserted">
      <iID>76</iID>
      <szName>CGTable.dat</szName>
      <dtCreateDate>2016-07-27T10:21:17.4965769+08:00</dtCreateDate>
      <dtUpdateDate>2016-07-27T10:21:17.4965769+08:00</dtUpdateDate>
      <bScrapFlag>false</bScrapFlag>
      <bStructuredStorage>true</bStructuredStorage>
      <iCreaterID>3</iCreaterID>
      <ucProductType>0</ucProductType>
      <ucFolderType>0</ucFolderType>
      <uiFolderNo>16842752</uiFolderNo>
      <ucReserve>0</ucReserve>
      <ucFileType>-64</ucFileType>
    </D_Projectdata>
    <D_Projectdata diffgr:id="D_Projectdata77" msdata:rowOrder="76" diffgr:hasChanges="inserted">
      <iID>77</iID>
      <szName>DebugInformation2.dat</szName>
      <dtCreateDate>2016-07-27T10:21:17.5396075+08:00</dtCreateDate>
      <dtUpdateDate>2016-07-27T10:21:17.5396075+08:00</dtUpdateDate>
      <bScrapFlag>false</bScrapFlag>
      <bStructuredStorage>true</bStructuredStorage>
      <iCreaterID>3</iCreaterID>
      <ucProductType>0</ucProductType>
      <ucFolderType>0</ucFolderType>
      <uiFolderNo>16842752</uiFolderNo>
      <ucReserve>0</ucReserve>
      <ucFileType>-63</ucFileType>
    </D_Projectdata>
    <D_Projectdata diffgr:id="D_Projectdata78" msdata:rowOrder="77" diffgr:hasChanges="inserted">
      <iID>78</iID>
      <szName>ESCompiler.stg</szName>
      <dtCreateDate>2016-07-27T10:21:17.5756139+08:00</dtCreateDate>
      <dtUpdateDate>2016-07-27T10:21:17.5756139+08:00</dtUpdateDate>
      <bScrapFlag>false</bScrapFlag>
      <bStructuredStorage>true</bStructuredStorage>
      <iCreaterID>3</iCreaterID>
      <ucProductType>1</ucProductType>
      <ucFolderType>1</ucFolderType>
      <uiFolderNo>0</uiFolderNo>
      <ucReserve>0</ucReserve>
      <ucFileType>-48</ucFileType>
    </D_Projectdata>
    <D_Projectdata diffgr:id="D_Projectdata79" msdata:rowOrder="78" diffgr:hasChanges="inserted">
      <iID>79</iID>
      <szName>ProjectStatusFlag.dat</szName>
      <dtCreateDate>2016-07-27T10:21:17.8908356+08:00</dtCreateDate>
      <dtUpdateDate>2016-07-27T10:21:17.8908356+08:00</dtUpdateDate>
      <bScrapFlag>false</bScrapFlag>
      <bStructuredStorage>true</bStructuredStorage>
      <iCreaterID>0</iCreaterID>
      <ucProductType>0</ucProductType>
      <ucFolderType>0</ucFolderType>
      <uiFolderNo>0</uiFolderNo>
      <ucReserve>0</ucReserve>
      <ucFileType>0</ucFileType>
    </D_Projectdata>
    <D_Projectdata diffgr:id="D_Projectdata80" msdata:rowOrder="79" diffgr:hasChanges="inserted">
      <iID>80</iID>
      <szName>Gppw2.gpj</szName>
      <dtCreateDate>2016-07-27T10:21:18.0079383+08:00</dtCreateDate>
      <dtUpdateDate>2016-07-27T10:21:18.0079383+08:00</dtUpdateDate>
      <bScrapFlag>false</bScrapFlag>
      <bStructuredStorage>true</bStructuredStorage>
      <iCreaterID>0</iCreaterID>
      <ucProductType>0</ucProductType>
      <ucFolderType>0</ucFolderType>
      <uiFolderNo>0</uiFolderNo>
      <ucReserve>0</ucReserve>
      <ucFileType>0</ucFileType>
    </D_Projectdata>
    <D_Projectdata diffgr:id="D_Projectdata81" msdata:rowOrder="80" diffgr:hasChanges="inserted">
      <iID>81</iID>
      <szName>OPTIONDATA.PrgDebugger</szName>
      <dtCreateDate>2016-07-27T10:21:18.0719797+08:00</dtCreateDate>
      <dtUpdateDate>2016-07-27T10:21:18.0719797+08:00</dtUpdateDate>
      <bScrapFlag>false</bScrapFlag>
      <bStructuredStorage>true</bStructuredStorage>
      <iCreaterID>0</iCreaterID>
      <ucProductType>0</ucProductType>
      <ucFolderType>0</ucFolderType>
      <uiFolderNo>0</uiFolderNo>
      <ucReserve>0</ucReserve>
      <ucFileType>0</ucFileType>
    </D_Projectdata>
    <D_Projectdata diffgr:id="D_Projectdata82" msdata:rowOrder="81" diffgr:hasChanges="inserted">
      <iID>82</iID>
      <szName>PRGDEBUGGER_WND1.PrgDebugger</szName>
      <dtCreateDate>2016-07-27T10:21:18.1350282+08:00</dtCreateDate>
      <dtUpdateDate>2016-07-27T10:21:18.1350282+08:00</dtUpdateDate>
      <bScrapFlag>false</bScrapFlag>
      <bStructuredStorage>true</bStructuredStorage>
      <iCreaterID>0</iCreaterID>
      <ucProductType>0</ucProductType>
      <ucFolderType>0</ucFolderType>
      <uiFolderNo>0</uiFolderNo>
      <ucReserve>0</ucReserve>
      <ucFileType>0</ucFileType>
    </D_Projectdata>
    <D_Projectdata diffgr:id="D_Projectdata83" msdata:rowOrder="82" diffgr:hasChanges="inserted">
      <iID>83</iID>
      <szName>PRGDEBUGGER_WND2.PrgDebugger</szName>
      <dtCreateDate>2016-07-27T10:21:18.2040772+08:00</dtCreateDate>
      <dtUpdateDate>2016-07-27T10:21:18.2040772+08:00</dtUpdateDate>
      <bScrapFlag>false</bScrapFlag>
      <bStructuredStorage>true</bStructuredStorage>
      <iCreaterID>0</iCreaterID>
      <ucProductType>0</ucProductType>
      <ucFolderType>0</ucFolderType>
      <uiFolderNo>0</uiFolderNo>
      <ucReserve>0</ucReserve>
      <ucFileType>0</ucFileType>
    </D_Projectdata>
    <D_Projectdata diffgr:id="D_Projectdata84" msdata:rowOrder="83" diffgr:hasChanges="inserted">
      <iID>84</iID>
      <szName>PRGDEBUGGER_WND3.PrgDebugger</szName>
      <dtCreateDate>2016-07-27T10:21:18.2791273+08:00</dtCreateDate>
      <dtUpdateDate>2016-07-27T10:21:18.2791273+08:00</dtUpdateDate>
      <bScrapFlag>false</bScrapFlag>
      <bStructuredStorage>true</bStructuredStorage>
      <iCreaterID>0</iCreaterID>
      <ucProductType>0</ucProductType>
      <ucFolderType>0</ucFolderType>
      <uiFolderNo>0</uiFolderNo>
      <ucReserve>0</ucReserve>
      <ucFileType>0</ucFileType>
    </D_Projectdata>
    <D_Projectdata diffgr:id="D_Projectdata85" msdata:rowOrder="84" diffgr:hasChanges="inserted">
      <iID>85</iID>
      <szName>Cnct2.ini</szName>
      <dtCreateDate>2016-07-27T10:21:18.3441772+08:00</dtCreateDate>
      <dtUpdateDate>2016-07-27T10:21:18.3441772+08:00</dtUpdateDate>
      <bScrapFlag>false</bScrapFlag>
      <bStructuredStorage>true</bStructuredStorage>
      <iCreaterID>0</iCreaterID>
      <ucProductType>0</ucProductType>
      <ucFolderType>0</ucFolderType>
      <uiFolderNo>0</uiFolderNo>
      <ucReserve>0</ucReserve>
      <ucFileType>0</ucFileType>
    </D_Projectdata>
    <D_Projectdata diffgr:id="D_Projectdata86" msdata:rowOrder="85" diffgr:hasChanges="inserted">
      <iID>86</iID>
      <szName>CCLinkDiag2.dat</szName>
      <dtCreateDate>2016-07-27T10:21:18.4082041+08:00</dtCreateDate>
      <dtUpdateDate>2016-07-27T10:21:18.4082041+08:00</dtUpdateDate>
      <bScrapFlag>false</bScrapFlag>
      <bStructuredStorage>true</bStructuredStorage>
      <iCreaterID>0</iCreaterID>
      <ucProductType>0</ucProductType>
      <ucFolderType>0</ucFolderType>
      <uiFolderNo>0</uiFolderNo>
      <ucReserve>0</ucReserve>
      <ucFileType>0</ucFileType>
    </D_Projectdata>
    <D_Projectdata diffgr:id="D_Projectdata87" msdata:rowOrder="86" diffgr:hasChanges="inserted">
      <iID>87</iID>
      <szName>CCLinkDiag.dat</szName>
      <dtCreateDate>2016-07-27T10:21:18.5122925+08:00</dtCreateDate>
      <dtUpdateDate>2016-07-27T10:21:18.5122925+08:00</dtUpdateDate>
      <bScrapFlag>false</bScrapFlag>
      <bStructuredStorage>true</bStructuredStorage>
      <iCreaterID>0</iCreaterID>
      <ucProductType>0</ucProductType>
      <ucFolderType>0</ucFolderType>
      <uiFolderNo>0</uiFolderNo>
      <ucReserve>0</ucReserve>
      <ucFileType>0</ucFileType>
    </D_Projectdata>
    <D_Projectdata diffgr:id="D_Projectdata89" msdata:rowOrder="87" diffgr:hasChanges="inserted">
      <iID>88</iID>
      <szName>Project.gd2</szName>
      <dtCreateDate>2016-07-31T11:03:37.7095266+08:00</dtCreateDate>
      <dtUpdateDate>2016-07-31T11:03:37.7095266+08:00</dtUpdateDate>
      <bScrapFlag>false</bScrapFlag>
      <bStructuredStorage>false</bStructuredStorage>
      <iCreaterID>0</iCreaterID>
      <ucProductType>0</ucProductType>
      <ucFolderType>0</ucFolderType>
      <uiFolderNo>0</uiFolderNo>
      <ucReserve>0</ucReserve>
      <ucFileType>0</ucFileType>
    </D_Projectdata>
    <D_DBVersion diffgr:id="D_DBVersion3" msdata:rowOrder="0" diffgr:hasChanges="inserted">
      <iSupportVersion>1</iSupportVersion>
      <iCreateVersion>1</iCreateVersion>
    </D_DBVersion>
  </DSPROJECTDATA>
</diffgr:diffgram>