<diffgr:diffgram xmlns:msdata="urn:schemas-microsoft-com:xml-msdata" xmlns:diffgr="urn:schemas-microsoft-com:xml-diffgram-v1">
  <DSPROJECTDATAPROTECTION>
    <L_ProjectdataProtection diffgr:id="L_ProjectdataProtection1" msdata:rowOrder="0" diffgr:hasChanges="inserted">
      <iID>1</iID>
      <iSecuritylevelID>1</iSecuritylevelID>
      <iProjectdataID>1</iProjectdataID>
      <bDataView>true</bDataView>
      <bDataEdit>true</bDataEdit>
      <bDataSave>true</bDataSave>
      <bScrapFlag>false</bScrapFlag>
      <bListViewPermission>true</bListViewPermission>
      <bReadPermission>true</bReadPermission>
      <bWritePermission>true</bWritePermission>
    </L_ProjectdataProtection>
    <L_ProjectdataProtection diffgr:id="L_ProjectdataProtection2" msdata:rowOrder="1" diffgr:hasChanges="inserted">
      <iID>2</iID>
      <iSecuritylevelID>2</iSecuritylevelID>
      <iProjectdataID>1</iProjectdataID>
      <bDataView>true</bDataView>
      <bDataEdit>true</bDataEdit>
      <bDataSave>true</bDataSave>
      <bScrapFlag>false</bScrapFlag>
      <bListViewPermission>true</bListViewPermission>
      <bReadPermission>true</bReadPermission>
      <bWritePermission>true</bWritePermission>
    </L_ProjectdataProtection>
    <L_ProjectdataProtection diffgr:id="L_ProjectdataProtection3" msdata:rowOrder="2" diffgr:hasChanges="inserted">
      <iID>3</iID>
      <iSecuritylevelID>1</iSecuritylevelID>
      <iProjectdataID>2</iProjectdataID>
      <bDataView>true</bDataView>
      <bDataEdit>true</bDataEdit>
      <bDataSave>true</bDataSave>
      <bScrapFlag>false</bScrapFlag>
      <bListViewPermission>true</bListViewPermission>
      <bReadPermission>true</bReadPermission>
      <bWritePermission>true</bWritePermission>
    </L_ProjectdataProtection>
    <L_ProjectdataProtection diffgr:id="L_ProjectdataProtection4" msdata:rowOrder="3" diffgr:hasChanges="inserted">
      <iID>4</iID>
      <iSecuritylevelID>2</iSecuritylevelID>
      <iProjectdataID>2</iProjectdataID>
      <bDataView>true</bDataView>
      <bDataEdit>true</bDataEdit>
      <bDataSave>true</bDataSave>
      <bScrapFlag>false</bScrapFlag>
      <bListViewPermission>true</bListViewPermission>
      <bReadPermission>true</bReadPermission>
      <bWritePermission>true</bWritePermission>
    </L_ProjectdataProtection>
    <L_ProjectdataProtection diffgr:id="L_ProjectdataProtection5" msdata:rowOrder="4" diffgr:hasChanges="inserted">
      <iID>5</iID>
      <iSecuritylevelID>1</iSecuritylevelID>
      <iProjectdataID>3</iProjectdataID>
      <bDataView>true</bDataView>
      <bDataEdit>true</bDataEdit>
      <bDataSave>true</bDataSave>
      <bScrapFlag>false</bScrapFlag>
      <bListViewPermission>true</bListViewPermission>
      <bReadPermission>true</bReadPermission>
      <bWritePermission>true</bWritePermission>
    </L_ProjectdataProtection>
    <L_ProjectdataProtection diffgr:id="L_ProjectdataProtection6" msdata:rowOrder="5" diffgr:hasChanges="inserted">
      <iID>6</iID>
      <iSecuritylevelID>2</iSecuritylevelID>
      <iProjectdataID>3</iProjectdataID>
      <bDataView>true</bDataView>
      <bDataEdit>true</bDataEdit>
      <bDataSave>true</bDataSave>
      <bScrapFlag>false</bScrapFlag>
      <bListViewPermission>true</bListViewPermission>
      <bReadPermission>true</bReadPermission>
      <bWritePermission>true</bWritePermission>
    </L_ProjectdataProtection>
    <L_ProjectdataProtection diffgr:id="L_ProjectdataProtection7" msdata:rowOrder="6" diffgr:hasChanges="inserted">
      <iID>7</iID>
      <iSecuritylevelID>1</iSecuritylevelID>
      <iProjectdataID>4</iProjectdataID>
      <bDataView>true</bDataView>
      <bDataEdit>true</bDataEdit>
      <bDataSave>true</bDataSave>
      <bScrapFlag>false</bScrapFlag>
      <bListViewPermission>true</bListViewPermission>
      <bReadPermission>true</bReadPermission>
      <bWritePermission>true</bWritePermission>
    </L_ProjectdataProtection>
    <L_ProjectdataProtection diffgr:id="L_ProjectdataProtection8" msdata:rowOrder="7" diffgr:hasChanges="inserted">
      <iID>8</iID>
      <iSecuritylevelID>2</iSecuritylevelID>
      <iProjectdataID>4</iProjectdataID>
      <bDataView>true</bDataView>
      <bDataEdit>true</bDataEdit>
      <bDataSave>true</bDataSave>
      <bScrapFlag>false</bScrapFlag>
      <bListViewPermission>true</bListViewPermission>
      <bReadPermission>true</bReadPermission>
      <bWritePermission>true</bWritePermission>
    </L_ProjectdataProtection>
    <L_ProjectdataProtection diffgr:id="L_ProjectdataProtection9" msdata:rowOrder="8" diffgr:hasChanges="inserted">
      <iID>9</iID>
      <iSecuritylevelID>1</iSecuritylevelID>
      <iProjectdataID>5</iProjectdataID>
      <bDataView>true</bDataView>
      <bDataEdit>true</bDataEdit>
      <bDataSave>true</bDataSave>
      <bScrapFlag>false</bScrapFlag>
      <bListViewPermission>true</bListViewPermission>
      <bReadPermission>true</bReadPermission>
      <bWritePermission>true</bWritePermission>
    </L_ProjectdataProtection>
    <L_ProjectdataProtection diffgr:id="L_ProjectdataProtection10" msdata:rowOrder="9" diffgr:hasChanges="inserted">
      <iID>10</iID>
      <iSecuritylevelID>2</iSecuritylevelID>
      <iProjectdataID>5</iProjectdataID>
      <bDataView>true</bDataView>
      <bDataEdit>true</bDataEdit>
      <bDataSave>true</bDataSave>
      <bScrapFlag>false</bScrapFlag>
      <bListViewPermission>true</bListViewPermission>
      <bReadPermission>true</bReadPermission>
      <bWritePermission>true</bWritePermission>
    </L_ProjectdataProtection>
    <L_ProjectdataProtection diffgr:id="L_ProjectdataProtection11" msdata:rowOrder="10" diffgr:hasChanges="inserted">
      <iID>11</iID>
      <iSecuritylevelID>1</iSecuritylevelID>
      <iProjectdataID>6</iProjectdataID>
      <bDataView>true</bDataView>
      <bDataEdit>true</bDataEdit>
      <bDataSave>true</bDataSave>
      <bScrapFlag>false</bScrapFlag>
      <bListViewPermission>true</bListViewPermission>
      <bReadPermission>true</bReadPermission>
      <bWritePermission>true</bWritePermission>
    </L_ProjectdataProtection>
    <L_ProjectdataProtection diffgr:id="L_ProjectdataProtection12" msdata:rowOrder="11" diffgr:hasChanges="inserted">
      <iID>12</iID>
      <iSecuritylevelID>2</iSecuritylevelID>
      <iProjectdataID>6</iProjectdataID>
      <bDataView>true</bDataView>
      <bDataEdit>true</bDataEdit>
      <bDataSave>true</bDataSave>
      <bScrapFlag>false</bScrapFlag>
      <bListViewPermission>true</bListViewPermission>
      <bReadPermission>true</bReadPermission>
      <bWritePermission>true</bWritePermission>
    </L_ProjectdataProtection>
    <L_ProjectdataProtection diffgr:id="L_ProjectdataProtection13" msdata:rowOrder="12" diffgr:hasChanges="inserted">
      <iID>13</iID>
      <iSecuritylevelID>1</iSecuritylevelID>
      <iProjectdataID>7</iProjectdataID>
      <bDataView>true</bDataView>
      <bDataEdit>true</bDataEdit>
      <bDataSave>true</bDataSave>
      <bScrapFlag>false</bScrapFlag>
      <bListViewPermission>true</bListViewPermission>
      <bReadPermission>true</bReadPermission>
      <bWritePermission>true</bWritePermission>
    </L_ProjectdataProtection>
    <L_ProjectdataProtection diffgr:id="L_ProjectdataProtection14" msdata:rowOrder="13" diffgr:hasChanges="inserted">
      <iID>14</iID>
      <iSecuritylevelID>2</iSecuritylevelID>
      <iProjectdataID>7</iProjectdataID>
      <bDataView>true</bDataView>
      <bDataEdit>true</bDataEdit>
      <bDataSave>true</bDataSave>
      <bScrapFlag>false</bScrapFlag>
      <bListViewPermission>true</bListViewPermission>
      <bReadPermission>true</bReadPermission>
      <bWritePermission>true</bWritePermission>
    </L_ProjectdataProtection>
    <L_ProjectdataProtection diffgr:id="L_ProjectdataProtection15" msdata:rowOrder="14" diffgr:hasChanges="inserted">
      <iID>15</iID>
      <iSecuritylevelID>1</iSecuritylevelID>
      <iProjectdataID>8</iProjectdataID>
      <bDataView>true</bDataView>
      <bDataEdit>true</bDataEdit>
      <bDataSave>true</bDataSave>
      <bScrapFlag>false</bScrapFlag>
      <bListViewPermission>true</bListViewPermission>
      <bReadPermission>true</bReadPermission>
      <bWritePermission>true</bWritePermission>
    </L_ProjectdataProtection>
    <L_ProjectdataProtection diffgr:id="L_ProjectdataProtection16" msdata:rowOrder="15" diffgr:hasChanges="inserted">
      <iID>16</iID>
      <iSecuritylevelID>2</iSecuritylevelID>
      <iProjectdataID>8</iProjectdataID>
      <bDataView>true</bDataView>
      <bDataEdit>true</bDataEdit>
      <bDataSave>true</bDataSave>
      <bScrapFlag>false</bScrapFlag>
      <bListViewPermission>true</bListViewPermission>
      <bReadPermission>true</bReadPermission>
      <bWritePermission>true</bWritePermission>
    </L_ProjectdataProtection>
    <L_ProjectdataProtection diffgr:id="L_ProjectdataProtection17" msdata:rowOrder="16" diffgr:hasChanges="inserted">
      <iID>17</iID>
      <iSecuritylevelID>1</iSecuritylevelID>
      <iProjectdataID>9</iProjectdataID>
      <bDataView>true</bDataView>
      <bDataEdit>true</bDataEdit>
      <bDataSave>true</bDataSave>
      <bScrapFlag>false</bScrapFlag>
      <bListViewPermission>true</bListViewPermission>
      <bReadPermission>true</bReadPermission>
      <bWritePermission>true</bWritePermission>
    </L_ProjectdataProtection>
    <L_ProjectdataProtection diffgr:id="L_ProjectdataProtection18" msdata:rowOrder="17" diffgr:hasChanges="inserted">
      <iID>18</iID>
      <iSecuritylevelID>2</iSecuritylevelID>
      <iProjectdataID>9</iProjectdataID>
      <bDataView>true</bDataView>
      <bDataEdit>true</bDataEdit>
      <bDataSave>true</bDataSave>
      <bScrapFlag>false</bScrapFlag>
      <bListViewPermission>true</bListViewPermission>
      <bReadPermission>true</bReadPermission>
      <bWritePermission>true</bWritePermission>
    </L_ProjectdataProtection>
    <L_ProjectdataProtection diffgr:id="L_ProjectdataProtection19" msdata:rowOrder="18" diffgr:hasChanges="inserted">
      <iID>19</iID>
      <iSecuritylevelID>1</iSecuritylevelID>
      <iProjectdataID>10</iProjectdataID>
      <bDataView>true</bDataView>
      <bDataEdit>true</bDataEdit>
      <bDataSave>true</bDataSave>
      <bScrapFlag>false</bScrapFlag>
      <bListViewPermission>true</bListViewPermission>
      <bReadPermission>true</bReadPermission>
      <bWritePermission>true</bWritePermission>
    </L_ProjectdataProtection>
    <L_ProjectdataProtection diffgr:id="L_ProjectdataProtection20" msdata:rowOrder="19" diffgr:hasChanges="inserted">
      <iID>20</iID>
      <iSecuritylevelID>2</iSecuritylevelID>
      <iProjectdataID>10</iProjectdataID>
      <bDataView>true</bDataView>
      <bDataEdit>true</bDataEdit>
      <bDataSave>true</bDataSave>
      <bScrapFlag>false</bScrapFlag>
      <bListViewPermission>true</bListViewPermission>
      <bReadPermission>true</bReadPermission>
      <bWritePermission>true</bWritePermission>
    </L_ProjectdataProtection>
    <L_ProjectdataProtection diffgr:id="L_ProjectdataProtection21" msdata:rowOrder="20" diffgr:hasChanges="inserted">
      <iID>21</iID>
      <iSecuritylevelID>1</iSecuritylevelID>
      <iProjectdataID>11</iProjectdataID>
      <bDataView>true</bDataView>
      <bDataEdit>true</bDataEdit>
      <bDataSave>true</bDataSave>
      <bScrapFlag>false</bScrapFlag>
      <bListViewPermission>true</bListViewPermission>
      <bReadPermission>true</bReadPermission>
      <bWritePermission>true</bWritePermission>
    </L_ProjectdataProtection>
    <L_ProjectdataProtection diffgr:id="L_ProjectdataProtection22" msdata:rowOrder="21" diffgr:hasChanges="inserted">
      <iID>22</iID>
      <iSecuritylevelID>2</iSecuritylevelID>
      <iProjectdataID>11</iProjectdataID>
      <bDataView>true</bDataView>
      <bDataEdit>true</bDataEdit>
      <bDataSave>true</bDataSave>
      <bScrapFlag>false</bScrapFlag>
      <bListViewPermission>true</bListViewPermission>
      <bReadPermission>true</bReadPermission>
      <bWritePermission>true</bWritePermission>
    </L_ProjectdataProtection>
    <L_ProjectdataProtection diffgr:id="L_ProjectdataProtection23" msdata:rowOrder="22" diffgr:hasChanges="inserted">
      <iID>23</iID>
      <iSecuritylevelID>1</iSecuritylevelID>
      <iProjectdataID>12</iProjectdataID>
      <bDataView>true</bDataView>
      <bDataEdit>true</bDataEdit>
      <bDataSave>true</bDataSave>
      <bScrapFlag>false</bScrapFlag>
      <bListViewPermission>true</bListViewPermission>
      <bReadPermission>true</bReadPermission>
      <bWritePermission>true</bWritePermission>
    </L_ProjectdataProtection>
    <L_ProjectdataProtection diffgr:id="L_ProjectdataProtection24" msdata:rowOrder="23" diffgr:hasChanges="inserted">
      <iID>24</iID>
      <iSecuritylevelID>2</iSecuritylevelID>
      <iProjectdataID>12</iProjectdataID>
      <bDataView>true</bDataView>
      <bDataEdit>true</bDataEdit>
      <bDataSave>true</bDataSave>
      <bScrapFlag>false</bScrapFlag>
      <bListViewPermission>true</bListViewPermission>
      <bReadPermission>true</bReadPermission>
      <bWritePermission>true</bWritePermission>
    </L_ProjectdataProtection>
    <L_ProjectdataProtection diffgr:id="L_ProjectdataProtection25" msdata:rowOrder="24" diffgr:hasChanges="inserted">
      <iID>25</iID>
      <iSecuritylevelID>1</iSecuritylevelID>
      <iProjectdataID>13</iProjectdataID>
      <bDataView>true</bDataView>
      <bDataEdit>true</bDataEdit>
      <bDataSave>true</bDataSave>
      <bScrapFlag>false</bScrapFlag>
      <bListViewPermission>true</bListViewPermission>
      <bReadPermission>true</bReadPermission>
      <bWritePermission>true</bWritePermission>
    </L_ProjectdataProtection>
    <L_ProjectdataProtection diffgr:id="L_ProjectdataProtection26" msdata:rowOrder="25" diffgr:hasChanges="inserted">
      <iID>26</iID>
      <iSecuritylevelID>2</iSecuritylevelID>
      <iProjectdataID>13</iProjectdataID>
      <bDataView>true</bDataView>
      <bDataEdit>true</bDataEdit>
      <bDataSave>true</bDataSave>
      <bScrapFlag>false</bScrapFlag>
      <bListViewPermission>true</bListViewPermission>
      <bReadPermission>true</bReadPermission>
      <bWritePermission>true</bWritePermission>
    </L_ProjectdataProtection>
    <L_ProjectdataProtection diffgr:id="L_ProjectdataProtection27" msdata:rowOrder="26" diffgr:hasChanges="inserted">
      <iID>27</iID>
      <iSecuritylevelID>1</iSecuritylevelID>
      <iProjectdataID>14</iProjectdataID>
      <bDataView>true</bDataView>
      <bDataEdit>true</bDataEdit>
      <bDataSave>true</bDataSave>
      <bScrapFlag>false</bScrapFlag>
      <bListViewPermission>true</bListViewPermission>
      <bReadPermission>true</bReadPermission>
      <bWritePermission>true</bWritePermission>
    </L_ProjectdataProtection>
    <L_ProjectdataProtection diffgr:id="L_ProjectdataProtection28" msdata:rowOrder="27" diffgr:hasChanges="inserted">
      <iID>28</iID>
      <iSecuritylevelID>2</iSecuritylevelID>
      <iProjectdataID>14</iProjectdataID>
      <bDataView>true</bDataView>
      <bDataEdit>true</bDataEdit>
      <bDataSave>true</bDataSave>
      <bScrapFlag>false</bScrapFlag>
      <bListViewPermission>true</bListViewPermission>
      <bReadPermission>true</bReadPermission>
      <bWritePermission>true</bWritePermission>
    </L_ProjectdataProtection>
    <L_ProjectdataProtection diffgr:id="L_ProjectdataProtection29" msdata:rowOrder="28" diffgr:hasChanges="inserted">
      <iID>29</iID>
      <iSecuritylevelID>1</iSecuritylevelID>
      <iProjectdataID>15</iProjectdataID>
      <bDataView>true</bDataView>
      <bDataEdit>true</bDataEdit>
      <bDataSave>true</bDataSave>
      <bScrapFlag>false</bScrapFlag>
      <bListViewPermission>true</bListViewPermission>
      <bReadPermission>true</bReadPermission>
      <bWritePermission>true</bWritePermission>
    </L_ProjectdataProtection>
    <L_ProjectdataProtection diffgr:id="L_ProjectdataProtection30" msdata:rowOrder="29" diffgr:hasChanges="inserted">
      <iID>30</iID>
      <iSecuritylevelID>2</iSecuritylevelID>
      <iProjectdataID>15</iProjectdataID>
      <bDataView>true</bDataView>
      <bDataEdit>true</bDataEdit>
      <bDataSave>true</bDataSave>
      <bScrapFlag>false</bScrapFlag>
      <bListViewPermission>true</bListViewPermission>
      <bReadPermission>true</bReadPermission>
      <bWritePermission>true</bWritePermission>
    </L_ProjectdataProtection>
    <L_ProjectdataProtection diffgr:id="L_ProjectdataProtection31" msdata:rowOrder="30" diffgr:hasChanges="inserted">
      <iID>31</iID>
      <iSecuritylevelID>1</iSecuritylevelID>
      <iProjectdataID>16</iProjectdataID>
      <bDataView>true</bDataView>
      <bDataEdit>true</bDataEdit>
      <bDataSave>true</bDataSave>
      <bScrapFlag>false</bScrapFlag>
      <bListViewPermission>true</bListViewPermission>
      <bReadPermission>true</bReadPermission>
      <bWritePermission>true</bWritePermission>
    </L_ProjectdataProtection>
    <L_ProjectdataProtection diffgr:id="L_ProjectdataProtection32" msdata:rowOrder="31" diffgr:hasChanges="inserted">
      <iID>32</iID>
      <iSecuritylevelID>2</iSecuritylevelID>
      <iProjectdataID>16</iProjectdataID>
      <bDataView>true</bDataView>
      <bDataEdit>true</bDataEdit>
      <bDataSave>true</bDataSave>
      <bScrapFlag>false</bScrapFlag>
      <bListViewPermission>true</bListViewPermission>
      <bReadPermission>true</bReadPermission>
      <bWritePermission>true</bWritePermission>
    </L_ProjectdataProtection>
    <L_ProjectdataProtection diffgr:id="L_ProjectdataProtection33" msdata:rowOrder="32" diffgr:hasChanges="inserted">
      <iID>33</iID>
      <iSecuritylevelID>1</iSecuritylevelID>
      <iProjectdataID>17</iProjectdataID>
      <bDataView>true</bDataView>
      <bDataEdit>true</bDataEdit>
      <bDataSave>true</bDataSave>
      <bScrapFlag>false</bScrapFlag>
      <bListViewPermission>true</bListViewPermission>
      <bReadPermission>true</bReadPermission>
      <bWritePermission>true</bWritePermission>
    </L_ProjectdataProtection>
    <L_ProjectdataProtection diffgr:id="L_ProjectdataProtection34" msdata:rowOrder="33" diffgr:hasChanges="inserted">
      <iID>34</iID>
      <iSecuritylevelID>2</iSecuritylevelID>
      <iProjectdataID>17</iProjectdataID>
      <bDataView>true</bDataView>
      <bDataEdit>true</bDataEdit>
      <bDataSave>true</bDataSave>
      <bScrapFlag>false</bScrapFlag>
      <bListViewPermission>true</bListViewPermission>
      <bReadPermission>true</bReadPermission>
      <bWritePermission>true</bWritePermission>
    </L_ProjectdataProtection>
    <L_ProjectdataProtection diffgr:id="L_ProjectdataProtection35" msdata:rowOrder="34" diffgr:hasChanges="inserted">
      <iID>35</iID>
      <iSecuritylevelID>1</iSecuritylevelID>
      <iProjectdataID>18</iProjectdataID>
      <bDataView>true</bDataView>
      <bDataEdit>true</bDataEdit>
      <bDataSave>true</bDataSave>
      <bScrapFlag>false</bScrapFlag>
      <bListViewPermission>true</bListViewPermission>
      <bReadPermission>true</bReadPermission>
      <bWritePermission>true</bWritePermission>
    </L_ProjectdataProtection>
    <L_ProjectdataProtection diffgr:id="L_ProjectdataProtection36" msdata:rowOrder="35" diffgr:hasChanges="inserted">
      <iID>36</iID>
      <iSecuritylevelID>2</iSecuritylevelID>
      <iProjectdataID>18</iProjectdataID>
      <bDataView>true</bDataView>
      <bDataEdit>true</bDataEdit>
      <bDataSave>true</bDataSave>
      <bScrapFlag>false</bScrapFlag>
      <bListViewPermission>true</bListViewPermission>
      <bReadPermission>true</bReadPermission>
      <bWritePermission>true</bWritePermission>
    </L_ProjectdataProtection>
    <L_ProjectdataProtection diffgr:id="L_ProjectdataProtection37" msdata:rowOrder="36" diffgr:hasChanges="inserted">
      <iID>37</iID>
      <iSecuritylevelID>1</iSecuritylevelID>
      <iProjectdataID>19</iProjectdataID>
      <bDataView>true</bDataView>
      <bDataEdit>true</bDataEdit>
      <bDataSave>true</bDataSave>
      <bScrapFlag>false</bScrapFlag>
      <bListViewPermission>true</bListViewPermission>
      <bReadPermission>true</bReadPermission>
      <bWritePermission>true</bWritePermission>
    </L_ProjectdataProtection>
    <L_ProjectdataProtection diffgr:id="L_ProjectdataProtection38" msdata:rowOrder="37" diffgr:hasChanges="inserted">
      <iID>38</iID>
      <iSecuritylevelID>2</iSecuritylevelID>
      <iProjectdataID>19</iProjectdataID>
      <bDataView>true</bDataView>
      <bDataEdit>true</bDataEdit>
      <bDataSave>true</bDataSave>
      <bScrapFlag>false</bScrapFlag>
      <bListViewPermission>true</bListViewPermission>
      <bReadPermission>true</bReadPermission>
      <bWritePermission>true</bWritePermission>
    </L_ProjectdataProtection>
    <L_ProjectdataProtection diffgr:id="L_ProjectdataProtection39" msdata:rowOrder="38" diffgr:hasChanges="inserted">
      <iID>39</iID>
      <iSecuritylevelID>1</iSecuritylevelID>
      <iProjectdataID>20</iProjectdataID>
      <bDataView>true</bDataView>
      <bDataEdit>true</bDataEdit>
      <bDataSave>true</bDataSave>
      <bScrapFlag>false</bScrapFlag>
      <bListViewPermission>true</bListViewPermission>
      <bReadPermission>true</bReadPermission>
      <bWritePermission>true</bWritePermission>
    </L_ProjectdataProtection>
    <L_ProjectdataProtection diffgr:id="L_ProjectdataProtection40" msdata:rowOrder="39" diffgr:hasChanges="inserted">
      <iID>40</iID>
      <iSecuritylevelID>2</iSecuritylevelID>
      <iProjectdataID>20</iProjectdataID>
      <bDataView>true</bDataView>
      <bDataEdit>true</bDataEdit>
      <bDataSave>true</bDataSave>
      <bScrapFlag>false</bScrapFlag>
      <bListViewPermission>true</bListViewPermission>
      <bReadPermission>true</bReadPermission>
      <bWritePermission>true</bWritePermission>
    </L_ProjectdataProtection>
    <L_ProjectdataProtection diffgr:id="L_ProjectdataProtection41" msdata:rowOrder="40" diffgr:hasChanges="inserted">
      <iID>45</iID>
      <iSecuritylevelID>1</iSecuritylevelID>
      <iProjectdataID>23</iProjectdataID>
      <bDataView>true</bDataView>
      <bDataEdit>true</bDataEdit>
      <bDataSave>true</bDataSave>
      <bScrapFlag>false</bScrapFlag>
      <bListViewPermission>true</bListViewPermission>
      <bReadPermission>true</bReadPermission>
      <bWritePermission>true</bWritePermission>
    </L_ProjectdataProtection>
    <L_ProjectdataProtection diffgr:id="L_ProjectdataProtection42" msdata:rowOrder="41" diffgr:hasChanges="inserted">
      <iID>46</iID>
      <iSecuritylevelID>2</iSecuritylevelID>
      <iProjectdataID>23</iProjectdataID>
      <bDataView>true</bDataView>
      <bDataEdit>true</bDataEdit>
      <bDataSave>true</bDataSave>
      <bScrapFlag>false</bScrapFlag>
      <bListViewPermission>true</bListViewPermission>
      <bReadPermission>true</bReadPermission>
      <bWritePermission>true</bWritePermission>
    </L_ProjectdataProtection>
    <L_ProjectdataProtection diffgr:id="L_ProjectdataProtection43" msdata:rowOrder="42" diffgr:hasChanges="inserted">
      <iID>47</iID>
      <iSecuritylevelID>1</iSecuritylevelID>
      <iProjectdataID>24</iProjectdataID>
      <bDataView>true</bDataView>
      <bDataEdit>true</bDataEdit>
      <bDataSave>true</bDataSave>
      <bScrapFlag>false</bScrapFlag>
      <bListViewPermission>true</bListViewPermission>
      <bReadPermission>true</bReadPermission>
      <bWritePermission>true</bWritePermission>
    </L_ProjectdataProtection>
    <L_ProjectdataProtection diffgr:id="L_ProjectdataProtection44" msdata:rowOrder="43" diffgr:hasChanges="inserted">
      <iID>48</iID>
      <iSecuritylevelID>2</iSecuritylevelID>
      <iProjectdataID>24</iProjectdataID>
      <bDataView>true</bDataView>
      <bDataEdit>true</bDataEdit>
      <bDataSave>true</bDataSave>
      <bScrapFlag>false</bScrapFlag>
      <bListViewPermission>true</bListViewPermission>
      <bReadPermission>true</bReadPermission>
      <bWritePermission>true</bWritePermission>
    </L_ProjectdataProtection>
    <L_ProjectdataProtection diffgr:id="L_ProjectdataProtection45" msdata:rowOrder="44" diffgr:hasChanges="inserted">
      <iID>49</iID>
      <iSecuritylevelID>1</iSecuritylevelID>
      <iProjectdataID>25</iProjectdataID>
      <bDataView>true</bDataView>
      <bDataEdit>true</bDataEdit>
      <bDataSave>true</bDataSave>
      <bScrapFlag>false</bScrapFlag>
      <bListViewPermission>true</bListViewPermission>
      <bReadPermission>true</bReadPermission>
      <bWritePermission>true</bWritePermission>
    </L_ProjectdataProtection>
    <L_ProjectdataProtection diffgr:id="L_ProjectdataProtection46" msdata:rowOrder="45" diffgr:hasChanges="inserted">
      <iID>50</iID>
      <iSecuritylevelID>2</iSecuritylevelID>
      <iProjectdataID>25</iProjectdataID>
      <bDataView>true</bDataView>
      <bDataEdit>true</bDataEdit>
      <bDataSave>true</bDataSave>
      <bScrapFlag>false</bScrapFlag>
      <bListViewPermission>true</bListViewPermission>
      <bReadPermission>true</bReadPermission>
      <bWritePermission>true</bWritePermission>
    </L_ProjectdataProtection>
    <L_ProjectdataProtection diffgr:id="L_ProjectdataProtection47" msdata:rowOrder="46" diffgr:hasChanges="inserted">
      <iID>51</iID>
      <iSecuritylevelID>1</iSecuritylevelID>
      <iProjectdataID>26</iProjectdataID>
      <bDataView>true</bDataView>
      <bDataEdit>true</bDataEdit>
      <bDataSave>true</bDataSave>
      <bScrapFlag>false</bScrapFlag>
      <bListViewPermission>true</bListViewPermission>
      <bReadPermission>true</bReadPermission>
      <bWritePermission>true</bWritePermission>
    </L_ProjectdataProtection>
    <L_ProjectdataProtection diffgr:id="L_ProjectdataProtection48" msdata:rowOrder="47" diffgr:hasChanges="inserted">
      <iID>52</iID>
      <iSecuritylevelID>2</iSecuritylevelID>
      <iProjectdataID>26</iProjectdataID>
      <bDataView>true</bDataView>
      <bDataEdit>true</bDataEdit>
      <bDataSave>true</bDataSave>
      <bScrapFlag>false</bScrapFlag>
      <bListViewPermission>true</bListViewPermission>
      <bReadPermission>true</bReadPermission>
      <bWritePermission>true</bWritePermission>
    </L_ProjectdataProtection>
    <L_ProjectdataProtection diffgr:id="L_ProjectdataProtection49" msdata:rowOrder="48" diffgr:hasChanges="inserted">
      <iID>53</iID>
      <iSecuritylevelID>1</iSecuritylevelID>
      <iProjectdataID>27</iProjectdataID>
      <bDataView>true</bDataView>
      <bDataEdit>true</bDataEdit>
      <bDataSave>true</bDataSave>
      <bScrapFlag>false</bScrapFlag>
      <bListViewPermission>true</bListViewPermission>
      <bReadPermission>true</bReadPermission>
      <bWritePermission>true</bWritePermission>
    </L_ProjectdataProtection>
    <L_ProjectdataProtection diffgr:id="L_ProjectdataProtection50" msdata:rowOrder="49" diffgr:hasChanges="inserted">
      <iID>54</iID>
      <iSecuritylevelID>2</iSecuritylevelID>
      <iProjectdataID>27</iProjectdataID>
      <bDataView>true</bDataView>
      <bDataEdit>true</bDataEdit>
      <bDataSave>true</bDataSave>
      <bScrapFlag>false</bScrapFlag>
      <bListViewPermission>true</bListViewPermission>
      <bReadPermission>true</bReadPermission>
      <bWritePermission>true</bWritePermission>
    </L_ProjectdataProtection>
    <L_ProjectdataProtection diffgr:id="L_ProjectdataProtection51" msdata:rowOrder="50" diffgr:hasChanges="inserted">
      <iID>55</iID>
      <iSecuritylevelID>1</iSecuritylevelID>
      <iProjectdataID>28</iProjectdataID>
      <bDataView>true</bDataView>
      <bDataEdit>true</bDataEdit>
      <bDataSave>true</bDataSave>
      <bScrapFlag>false</bScrapFlag>
      <bListViewPermission>true</bListViewPermission>
      <bReadPermission>true</bReadPermission>
      <bWritePermission>true</bWritePermission>
    </L_ProjectdataProtection>
    <L_ProjectdataProtection diffgr:id="L_ProjectdataProtection52" msdata:rowOrder="51" diffgr:hasChanges="inserted">
      <iID>56</iID>
      <iSecuritylevelID>2</iSecuritylevelID>
      <iProjectdataID>28</iProjectdataID>
      <bDataView>true</bDataView>
      <bDataEdit>true</bDataEdit>
      <bDataSave>true</bDataSave>
      <bScrapFlag>false</bScrapFlag>
      <bListViewPermission>true</bListViewPermission>
      <bReadPermission>true</bReadPermission>
      <bWritePermission>true</bWritePermission>
    </L_ProjectdataProtection>
    <L_ProjectdataProtection diffgr:id="L_ProjectdataProtection53" msdata:rowOrder="52" diffgr:hasChanges="inserted">
      <iID>57</iID>
      <iSecuritylevelID>1</iSecuritylevelID>
      <iProjectdataID>29</iProjectdataID>
      <bDataView>true</bDataView>
      <bDataEdit>true</bDataEdit>
      <bDataSave>true</bDataSave>
      <bScrapFlag>false</bScrapFlag>
      <bListViewPermission>true</bListViewPermission>
      <bReadPermission>true</bReadPermission>
      <bWritePermission>true</bWritePermission>
    </L_ProjectdataProtection>
    <L_ProjectdataProtection diffgr:id="L_ProjectdataProtection54" msdata:rowOrder="53" diffgr:hasChanges="inserted">
      <iID>58</iID>
      <iSecuritylevelID>2</iSecuritylevelID>
      <iProjectdataID>29</iProjectdataID>
      <bDataView>true</bDataView>
      <bDataEdit>true</bDataEdit>
      <bDataSave>true</bDataSave>
      <bScrapFlag>false</bScrapFlag>
      <bListViewPermission>true</bListViewPermission>
      <bReadPermission>true</bReadPermission>
      <bWritePermission>true</bWritePermission>
    </L_ProjectdataProtection>
    <L_ProjectdataProtection diffgr:id="L_ProjectdataProtection55" msdata:rowOrder="54" diffgr:hasChanges="inserted">
      <iID>59</iID>
      <iSecuritylevelID>1</iSecuritylevelID>
      <iProjectdataID>30</iProjectdataID>
      <bDataView>true</bDataView>
      <bDataEdit>true</bDataEdit>
      <bDataSave>true</bDataSave>
      <bScrapFlag>false</bScrapFlag>
      <bListViewPermission>true</bListViewPermission>
      <bReadPermission>true</bReadPermission>
      <bWritePermission>true</bWritePermission>
    </L_ProjectdataProtection>
    <L_ProjectdataProtection diffgr:id="L_ProjectdataProtection56" msdata:rowOrder="55" diffgr:hasChanges="inserted">
      <iID>60</iID>
      <iSecuritylevelID>2</iSecuritylevelID>
      <iProjectdataID>30</iProjectdataID>
      <bDataView>true</bDataView>
      <bDataEdit>true</bDataEdit>
      <bDataSave>true</bDataSave>
      <bScrapFlag>false</bScrapFlag>
      <bListViewPermission>true</bListViewPermission>
      <bReadPermission>true</bReadPermission>
      <bWritePermission>true</bWritePermission>
    </L_ProjectdataProtection>
    <L_ProjectdataProtection diffgr:id="L_ProjectdataProtection57" msdata:rowOrder="56" diffgr:hasChanges="inserted">
      <iID>61</iID>
      <iSecuritylevelID>1</iSecuritylevelID>
      <iProjectdataID>31</iProjectdataID>
      <bDataView>true</bDataView>
      <bDataEdit>true</bDataEdit>
      <bDataSave>true</bDataSave>
      <bScrapFlag>false</bScrapFlag>
      <bListViewPermission>true</bListViewPermission>
      <bReadPermission>true</bReadPermission>
      <bWritePermission>true</bWritePermission>
    </L_ProjectdataProtection>
    <L_ProjectdataProtection diffgr:id="L_ProjectdataProtection58" msdata:rowOrder="57" diffgr:hasChanges="inserted">
      <iID>62</iID>
      <iSecuritylevelID>2</iSecuritylevelID>
      <iProjectdataID>31</iProjectdataID>
      <bDataView>true</bDataView>
      <bDataEdit>true</bDataEdit>
      <bDataSave>true</bDataSave>
      <bScrapFlag>false</bScrapFlag>
      <bListViewPermission>true</bListViewPermission>
      <bReadPermission>true</bReadPermission>
      <bWritePermission>true</bWritePermission>
    </L_ProjectdataProtection>
    <L_ProjectdataProtection diffgr:id="L_ProjectdataProtection59" msdata:rowOrder="58" diffgr:hasChanges="inserted">
      <iID>63</iID>
      <iSecuritylevelID>1</iSecuritylevelID>
      <iProjectdataID>32</iProjectdataID>
      <bDataView>true</bDataView>
      <bDataEdit>true</bDataEdit>
      <bDataSave>true</bDataSave>
      <bScrapFlag>false</bScrapFlag>
      <bListViewPermission>true</bListViewPermission>
      <bReadPermission>true</bReadPermission>
      <bWritePermission>true</bWritePermission>
    </L_ProjectdataProtection>
    <L_ProjectdataProtection diffgr:id="L_ProjectdataProtection60" msdata:rowOrder="59" diffgr:hasChanges="inserted">
      <iID>64</iID>
      <iSecuritylevelID>2</iSecuritylevelID>
      <iProjectdataID>32</iProjectdataID>
      <bDataView>true</bDataView>
      <bDataEdit>true</bDataEdit>
      <bDataSave>true</bDataSave>
      <bScrapFlag>false</bScrapFlag>
      <bListViewPermission>true</bListViewPermission>
      <bReadPermission>true</bReadPermission>
      <bWritePermission>true</bWritePermission>
    </L_ProjectdataProtection>
    <L_ProjectdataProtection diffgr:id="L_ProjectdataProtection61" msdata:rowOrder="60" diffgr:hasChanges="inserted">
      <iID>65</iID>
      <iSecuritylevelID>1</iSecuritylevelID>
      <iProjectdataID>33</iProjectdataID>
      <bDataView>true</bDataView>
      <bDataEdit>true</bDataEdit>
      <bDataSave>true</bDataSave>
      <bScrapFlag>false</bScrapFlag>
      <bListViewPermission>true</bListViewPermission>
      <bReadPermission>true</bReadPermission>
      <bWritePermission>true</bWritePermission>
    </L_ProjectdataProtection>
    <L_ProjectdataProtection diffgr:id="L_ProjectdataProtection62" msdata:rowOrder="61" diffgr:hasChanges="inserted">
      <iID>66</iID>
      <iSecuritylevelID>2</iSecuritylevelID>
      <iProjectdataID>33</iProjectdataID>
      <bDataView>true</bDataView>
      <bDataEdit>true</bDataEdit>
      <bDataSave>true</bDataSave>
      <bScrapFlag>false</bScrapFlag>
      <bListViewPermission>true</bListViewPermission>
      <bReadPermission>true</bReadPermission>
      <bWritePermission>true</bWritePermission>
    </L_ProjectdataProtection>
    <L_ProjectdataProtection diffgr:id="L_ProjectdataProtection63" msdata:rowOrder="62" diffgr:hasChanges="inserted">
      <iID>67</iID>
      <iSecuritylevelID>1</iSecuritylevelID>
      <iProjectdataID>34</iProjectdataID>
      <bDataView>true</bDataView>
      <bDataEdit>true</bDataEdit>
      <bDataSave>true</bDataSave>
      <bScrapFlag>false</bScrapFlag>
      <bListViewPermission>true</bListViewPermission>
      <bReadPermission>true</bReadPermission>
      <bWritePermission>true</bWritePermission>
    </L_ProjectdataProtection>
    <L_ProjectdataProtection diffgr:id="L_ProjectdataProtection64" msdata:rowOrder="63" diffgr:hasChanges="inserted">
      <iID>68</iID>
      <iSecuritylevelID>2</iSecuritylevelID>
      <iProjectdataID>34</iProjectdataID>
      <bDataView>true</bDataView>
      <bDataEdit>true</bDataEdit>
      <bDataSave>true</bDataSave>
      <bScrapFlag>false</bScrapFlag>
      <bListViewPermission>true</bListViewPermission>
      <bReadPermission>true</bReadPermission>
      <bWritePermission>true</bWritePermission>
    </L_ProjectdataProtection>
    <L_ProjectdataProtection diffgr:id="L_ProjectdataProtection65" msdata:rowOrder="64" diffgr:hasChanges="inserted">
      <iID>69</iID>
      <iSecuritylevelID>1</iSecuritylevelID>
      <iProjectdataID>35</iProjectdataID>
      <bDataView>true</bDataView>
      <bDataEdit>true</bDataEdit>
      <bDataSave>true</bDataSave>
      <bScrapFlag>false</bScrapFlag>
      <bListViewPermission>true</bListViewPermission>
      <bReadPermission>true</bReadPermission>
      <bWritePermission>true</bWritePermission>
    </L_ProjectdataProtection>
    <L_ProjectdataProtection diffgr:id="L_ProjectdataProtection66" msdata:rowOrder="65" diffgr:hasChanges="inserted">
      <iID>70</iID>
      <iSecuritylevelID>2</iSecuritylevelID>
      <iProjectdataID>35</iProjectdataID>
      <bDataView>true</bDataView>
      <bDataEdit>true</bDataEdit>
      <bDataSave>true</bDataSave>
      <bScrapFlag>false</bScrapFlag>
      <bListViewPermission>true</bListViewPermission>
      <bReadPermission>true</bReadPermission>
      <bWritePermission>true</bWritePermission>
    </L_ProjectdataProtection>
    <L_ProjectdataProtection diffgr:id="L_ProjectdataProtection67" msdata:rowOrder="66" diffgr:hasChanges="inserted">
      <iID>71</iID>
      <iSecuritylevelID>1</iSecuritylevelID>
      <iProjectdataID>36</iProjectdataID>
      <bDataView>true</bDataView>
      <bDataEdit>true</bDataEdit>
      <bDataSave>true</bDataSave>
      <bScrapFlag>false</bScrapFlag>
      <bListViewPermission>true</bListViewPermission>
      <bReadPermission>true</bReadPermission>
      <bWritePermission>true</bWritePermission>
    </L_ProjectdataProtection>
    <L_ProjectdataProtection diffgr:id="L_ProjectdataProtection68" msdata:rowOrder="67" diffgr:hasChanges="inserted">
      <iID>72</iID>
      <iSecuritylevelID>2</iSecuritylevelID>
      <iProjectdataID>36</iProjectdataID>
      <bDataView>true</bDataView>
      <bDataEdit>true</bDataEdit>
      <bDataSave>true</bDataSave>
      <bScrapFlag>false</bScrapFlag>
      <bListViewPermission>true</bListViewPermission>
      <bReadPermission>true</bReadPermission>
      <bWritePermission>true</bWritePermission>
    </L_ProjectdataProtection>
    <L_ProjectdataProtection diffgr:id="L_ProjectdataProtection69" msdata:rowOrder="68" diffgr:hasChanges="inserted">
      <iID>73</iID>
      <iSecuritylevelID>1</iSecuritylevelID>
      <iProjectdataID>37</iProjectdataID>
      <bDataView>true</bDataView>
      <bDataEdit>true</bDataEdit>
      <bDataSave>true</bDataSave>
      <bScrapFlag>false</bScrapFlag>
      <bListViewPermission>true</bListViewPermission>
      <bReadPermission>true</bReadPermission>
      <bWritePermission>true</bWritePermission>
    </L_ProjectdataProtection>
    <L_ProjectdataProtection diffgr:id="L_ProjectdataProtection70" msdata:rowOrder="69" diffgr:hasChanges="inserted">
      <iID>74</iID>
      <iSecuritylevelID>2</iSecuritylevelID>
      <iProjectdataID>37</iProjectdataID>
      <bDataView>true</bDataView>
      <bDataEdit>true</bDataEdit>
      <bDataSave>true</bDataSave>
      <bScrapFlag>false</bScrapFlag>
      <bListViewPermission>true</bListViewPermission>
      <bReadPermission>true</bReadPermission>
      <bWritePermission>true</bWritePermission>
    </L_ProjectdataProtection>
    <L_ProjectdataProtection diffgr:id="L_ProjectdataProtection71" msdata:rowOrder="70" diffgr:hasChanges="inserted">
      <iID>75</iID>
      <iSecuritylevelID>1</iSecuritylevelID>
      <iProjectdataID>38</iProjectdataID>
      <bDataView>true</bDataView>
      <bDataEdit>true</bDataEdit>
      <bDataSave>true</bDataSave>
      <bScrapFlag>false</bScrapFlag>
      <bListViewPermission>true</bListViewPermission>
      <bReadPermission>true</bReadPermission>
      <bWritePermission>true</bWritePermission>
    </L_ProjectdataProtection>
    <L_ProjectdataProtection diffgr:id="L_ProjectdataProtection72" msdata:rowOrder="71" diffgr:hasChanges="inserted">
      <iID>76</iID>
      <iSecuritylevelID>2</iSecuritylevelID>
      <iProjectdataID>38</iProjectdataID>
      <bDataView>true</bDataView>
      <bDataEdit>true</bDataEdit>
      <bDataSave>true</bDataSave>
      <bScrapFlag>false</bScrapFlag>
      <bListViewPermission>true</bListViewPermission>
      <bReadPermission>true</bReadPermission>
      <bWritePermission>true</bWritePermission>
    </L_ProjectdataProtection>
    <L_ProjectdataProtection diffgr:id="L_ProjectdataProtection73" msdata:rowOrder="72" diffgr:hasChanges="inserted">
      <iID>77</iID>
      <iSecuritylevelID>1</iSecuritylevelID>
      <iProjectdataID>39</iProjectdataID>
      <bDataView>true</bDataView>
      <bDataEdit>true</bDataEdit>
      <bDataSave>true</bDataSave>
      <bScrapFlag>false</bScrapFlag>
      <bListViewPermission>true</bListViewPermission>
      <bReadPermission>true</bReadPermission>
      <bWritePermission>true</bWritePermission>
    </L_ProjectdataProtection>
    <L_ProjectdataProtection diffgr:id="L_ProjectdataProtection74" msdata:rowOrder="73" diffgr:hasChanges="inserted">
      <iID>78</iID>
      <iSecuritylevelID>2</iSecuritylevelID>
      <iProjectdataID>39</iProjectdataID>
      <bDataView>true</bDataView>
      <bDataEdit>true</bDataEdit>
      <bDataSave>true</bDataSave>
      <bScrapFlag>false</bScrapFlag>
      <bListViewPermission>true</bListViewPermission>
      <bReadPermission>true</bReadPermission>
      <bWritePermission>true</bWritePermission>
    </L_ProjectdataProtection>
    <L_ProjectdataProtection diffgr:id="L_ProjectdataProtection75" msdata:rowOrder="74" diffgr:hasChanges="inserted">
      <iID>79</iID>
      <iSecuritylevelID>1</iSecuritylevelID>
      <iProjectdataID>40</iProjectdataID>
      <bDataView>true</bDataView>
      <bDataEdit>true</bDataEdit>
      <bDataSave>true</bDataSave>
      <bScrapFlag>false</bScrapFlag>
      <bListViewPermission>true</bListViewPermission>
      <bReadPermission>true</bReadPermission>
      <bWritePermission>true</bWritePermission>
    </L_ProjectdataProtection>
    <L_ProjectdataProtection diffgr:id="L_ProjectdataProtection76" msdata:rowOrder="75" diffgr:hasChanges="inserted">
      <iID>80</iID>
      <iSecuritylevelID>2</iSecuritylevelID>
      <iProjectdataID>40</iProjectdataID>
      <bDataView>true</bDataView>
      <bDataEdit>true</bDataEdit>
      <bDataSave>true</bDataSave>
      <bScrapFlag>false</bScrapFlag>
      <bListViewPermission>true</bListViewPermission>
      <bReadPermission>true</bReadPermission>
      <bWritePermission>true</bWritePermission>
    </L_ProjectdataProtection>
    <L_ProjectdataProtection diffgr:id="L_ProjectdataProtection77" msdata:rowOrder="76" diffgr:hasChanges="inserted">
      <iID>81</iID>
      <iSecuritylevelID>1</iSecuritylevelID>
      <iProjectdataID>41</iProjectdataID>
      <bDataView>true</bDataView>
      <bDataEdit>true</bDataEdit>
      <bDataSave>true</bDataSave>
      <bScrapFlag>false</bScrapFlag>
      <bListViewPermission>true</bListViewPermission>
      <bReadPermission>true</bReadPermission>
      <bWritePermission>true</bWritePermission>
    </L_ProjectdataProtection>
    <L_ProjectdataProtection diffgr:id="L_ProjectdataProtection78" msdata:rowOrder="77" diffgr:hasChanges="inserted">
      <iID>82</iID>
      <iSecuritylevelID>2</iSecuritylevelID>
      <iProjectdataID>41</iProjectdataID>
      <bDataView>true</bDataView>
      <bDataEdit>true</bDataEdit>
      <bDataSave>true</bDataSave>
      <bScrapFlag>false</bScrapFlag>
      <bListViewPermission>true</bListViewPermission>
      <bReadPermission>true</bReadPermission>
      <bWritePermission>true</bWritePermission>
    </L_ProjectdataProtection>
    <L_ProjectdataProtection diffgr:id="L_ProjectdataProtection79" msdata:rowOrder="78" diffgr:hasChanges="inserted">
      <iID>83</iID>
      <iSecuritylevelID>1</iSecuritylevelID>
      <iProjectdataID>42</iProjectdataID>
      <bDataView>true</bDataView>
      <bDataEdit>true</bDataEdit>
      <bDataSave>true</bDataSave>
      <bScrapFlag>false</bScrapFlag>
      <bListViewPermission>true</bListViewPermission>
      <bReadPermission>true</bReadPermission>
      <bWritePermission>true</bWritePermission>
    </L_ProjectdataProtection>
    <L_ProjectdataProtection diffgr:id="L_ProjectdataProtection80" msdata:rowOrder="79" diffgr:hasChanges="inserted">
      <iID>84</iID>
      <iSecuritylevelID>2</iSecuritylevelID>
      <iProjectdataID>42</iProjectdataID>
      <bDataView>true</bDataView>
      <bDataEdit>true</bDataEdit>
      <bDataSave>true</bDataSave>
      <bScrapFlag>false</bScrapFlag>
      <bListViewPermission>true</bListViewPermission>
      <bReadPermission>true</bReadPermission>
      <bWritePermission>true</bWritePermission>
    </L_ProjectdataProtection>
    <L_ProjectdataProtection diffgr:id="L_ProjectdataProtection81" msdata:rowOrder="80" diffgr:hasChanges="inserted">
      <iID>85</iID>
      <iSecuritylevelID>1</iSecuritylevelID>
      <iProjectdataID>43</iProjectdataID>
      <bDataView>true</bDataView>
      <bDataEdit>true</bDataEdit>
      <bDataSave>true</bDataSave>
      <bScrapFlag>false</bScrapFlag>
      <bListViewPermission>true</bListViewPermission>
      <bReadPermission>true</bReadPermission>
      <bWritePermission>true</bWritePermission>
    </L_ProjectdataProtection>
    <L_ProjectdataProtection diffgr:id="L_ProjectdataProtection82" msdata:rowOrder="81" diffgr:hasChanges="inserted">
      <iID>86</iID>
      <iSecuritylevelID>2</iSecuritylevelID>
      <iProjectdataID>43</iProjectdataID>
      <bDataView>true</bDataView>
      <bDataEdit>true</bDataEdit>
      <bDataSave>true</bDataSave>
      <bScrapFlag>false</bScrapFlag>
      <bListViewPermission>true</bListViewPermission>
      <bReadPermission>true</bReadPermission>
      <bWritePermission>true</bWritePermission>
    </L_ProjectdataProtection>
    <L_ProjectdataProtection diffgr:id="L_ProjectdataProtection83" msdata:rowOrder="82" diffgr:hasChanges="inserted">
      <iID>87</iID>
      <iSecuritylevelID>1</iSecuritylevelID>
      <iProjectdataID>44</iProjectdataID>
      <bDataView>true</bDataView>
      <bDataEdit>true</bDataEdit>
      <bDataSave>true</bDataSave>
      <bScrapFlag>false</bScrapFlag>
      <bListViewPermission>true</bListViewPermission>
      <bReadPermission>true</bReadPermission>
      <bWritePermission>true</bWritePermission>
    </L_ProjectdataProtection>
    <L_ProjectdataProtection diffgr:id="L_ProjectdataProtection84" msdata:rowOrder="83" diffgr:hasChanges="inserted">
      <iID>88</iID>
      <iSecuritylevelID>2</iSecuritylevelID>
      <iProjectdataID>44</iProjectdataID>
      <bDataView>true</bDataView>
      <bDataEdit>true</bDataEdit>
      <bDataSave>true</bDataSave>
      <bScrapFlag>false</bScrapFlag>
      <bListViewPermission>true</bListViewPermission>
      <bReadPermission>true</bReadPermission>
      <bWritePermission>true</bWritePermission>
    </L_ProjectdataProtection>
    <L_ProjectdataProtection diffgr:id="L_ProjectdataProtection85" msdata:rowOrder="84" diffgr:hasChanges="inserted">
      <iID>89</iID>
      <iSecuritylevelID>1</iSecuritylevelID>
      <iProjectdataID>45</iProjectdataID>
      <bDataView>true</bDataView>
      <bDataEdit>true</bDataEdit>
      <bDataSave>true</bDataSave>
      <bScrapFlag>false</bScrapFlag>
      <bListViewPermission>true</bListViewPermission>
      <bReadPermission>true</bReadPermission>
      <bWritePermission>true</bWritePermission>
    </L_ProjectdataProtection>
    <L_ProjectdataProtection diffgr:id="L_ProjectdataProtection86" msdata:rowOrder="85" diffgr:hasChanges="inserted">
      <iID>90</iID>
      <iSecuritylevelID>2</iSecuritylevelID>
      <iProjectdataID>45</iProjectdataID>
      <bDataView>true</bDataView>
      <bDataEdit>true</bDataEdit>
      <bDataSave>true</bDataSave>
      <bScrapFlag>false</bScrapFlag>
      <bListViewPermission>true</bListViewPermission>
      <bReadPermission>true</bReadPermission>
      <bWritePermission>true</bWritePermission>
    </L_ProjectdataProtection>
    <L_ProjectdataProtection diffgr:id="L_ProjectdataProtection87" msdata:rowOrder="86" diffgr:hasChanges="inserted">
      <iID>91</iID>
      <iSecuritylevelID>1</iSecuritylevelID>
      <iProjectdataID>46</iProjectdataID>
      <bDataView>true</bDataView>
      <bDataEdit>true</bDataEdit>
      <bDataSave>true</bDataSave>
      <bScrapFlag>false</bScrapFlag>
      <bListViewPermission>true</bListViewPermission>
      <bReadPermission>true</bReadPermission>
      <bWritePermission>true</bWritePermission>
    </L_ProjectdataProtection>
    <L_ProjectdataProtection diffgr:id="L_ProjectdataProtection88" msdata:rowOrder="87" diffgr:hasChanges="inserted">
      <iID>92</iID>
      <iSecuritylevelID>2</iSecuritylevelID>
      <iProjectdataID>46</iProjectdataID>
      <bDataView>true</bDataView>
      <bDataEdit>true</bDataEdit>
      <bDataSave>true</bDataSave>
      <bScrapFlag>false</bScrapFlag>
      <bListViewPermission>true</bListViewPermission>
      <bReadPermission>true</bReadPermission>
      <bWritePermission>true</bWritePermission>
    </L_ProjectdataProtection>
    <L_ProjectdataProtection diffgr:id="L_ProjectdataProtection89" msdata:rowOrder="88" diffgr:hasChanges="inserted">
      <iID>93</iID>
      <iSecuritylevelID>1</iSecuritylevelID>
      <iProjectdataID>47</iProjectdataID>
      <bDataView>true</bDataView>
      <bDataEdit>true</bDataEdit>
      <bDataSave>true</bDataSave>
      <bScrapFlag>false</bScrapFlag>
      <bListViewPermission>true</bListViewPermission>
      <bReadPermission>true</bReadPermission>
      <bWritePermission>true</bWritePermission>
    </L_ProjectdataProtection>
    <L_ProjectdataProtection diffgr:id="L_ProjectdataProtection90" msdata:rowOrder="89" diffgr:hasChanges="inserted">
      <iID>94</iID>
      <iSecuritylevelID>2</iSecuritylevelID>
      <iProjectdataID>47</iProjectdataID>
      <bDataView>true</bDataView>
      <bDataEdit>true</bDataEdit>
      <bDataSave>true</bDataSave>
      <bScrapFlag>false</bScrapFlag>
      <bListViewPermission>true</bListViewPermission>
      <bReadPermission>true</bReadPermission>
      <bWritePermission>true</bWritePermission>
    </L_ProjectdataProtection>
    <L_ProjectdataProtection diffgr:id="L_ProjectdataProtection91" msdata:rowOrder="90" diffgr:hasChanges="inserted">
      <iID>95</iID>
      <iSecuritylevelID>1</iSecuritylevelID>
      <iProjectdataID>48</iProjectdataID>
      <bDataView>true</bDataView>
      <bDataEdit>true</bDataEdit>
      <bDataSave>true</bDataSave>
      <bScrapFlag>false</bScrapFlag>
      <bListViewPermission>true</bListViewPermission>
      <bReadPermission>true</bReadPermission>
      <bWritePermission>true</bWritePermission>
    </L_ProjectdataProtection>
    <L_ProjectdataProtection diffgr:id="L_ProjectdataProtection92" msdata:rowOrder="91" diffgr:hasChanges="inserted">
      <iID>96</iID>
      <iSecuritylevelID>2</iSecuritylevelID>
      <iProjectdataID>48</iProjectdataID>
      <bDataView>true</bDataView>
      <bDataEdit>true</bDataEdit>
      <bDataSave>true</bDataSave>
      <bScrapFlag>false</bScrapFlag>
      <bListViewPermission>true</bListViewPermission>
      <bReadPermission>true</bReadPermission>
      <bWritePermission>true</bWritePermission>
    </L_ProjectdataProtection>
    <L_ProjectdataProtection diffgr:id="L_ProjectdataProtection93" msdata:rowOrder="92" diffgr:hasChanges="inserted">
      <iID>97</iID>
      <iSecuritylevelID>1</iSecuritylevelID>
      <iProjectdataID>49</iProjectdataID>
      <bDataView>true</bDataView>
      <bDataEdit>true</bDataEdit>
      <bDataSave>true</bDataSave>
      <bScrapFlag>false</bScrapFlag>
      <bListViewPermission>true</bListViewPermission>
      <bReadPermission>true</bReadPermission>
      <bWritePermission>true</bWritePermission>
    </L_ProjectdataProtection>
    <L_ProjectdataProtection diffgr:id="L_ProjectdataProtection94" msdata:rowOrder="93" diffgr:hasChanges="inserted">
      <iID>98</iID>
      <iSecuritylevelID>2</iSecuritylevelID>
      <iProjectdataID>49</iProjectdataID>
      <bDataView>true</bDataView>
      <bDataEdit>true</bDataEdit>
      <bDataSave>true</bDataSave>
      <bScrapFlag>false</bScrapFlag>
      <bListViewPermission>true</bListViewPermission>
      <bReadPermission>true</bReadPermission>
      <bWritePermission>true</bWritePermission>
    </L_ProjectdataProtection>
    <L_ProjectdataProtection diffgr:id="L_ProjectdataProtection95" msdata:rowOrder="94" diffgr:hasChanges="inserted">
      <iID>99</iID>
      <iSecuritylevelID>1</iSecuritylevelID>
      <iProjectdataID>50</iProjectdataID>
      <bDataView>true</bDataView>
      <bDataEdit>true</bDataEdit>
      <bDataSave>true</bDataSave>
      <bScrapFlag>false</bScrapFlag>
      <bListViewPermission>true</bListViewPermission>
      <bReadPermission>true</bReadPermission>
      <bWritePermission>true</bWritePermission>
    </L_ProjectdataProtection>
    <L_ProjectdataProtection diffgr:id="L_ProjectdataProtection96" msdata:rowOrder="95" diffgr:hasChanges="inserted">
      <iID>100</iID>
      <iSecuritylevelID>2</iSecuritylevelID>
      <iProjectdataID>50</iProjectdataID>
      <bDataView>true</bDataView>
      <bDataEdit>true</bDataEdit>
      <bDataSave>true</bDataSave>
      <bScrapFlag>false</bScrapFlag>
      <bListViewPermission>true</bListViewPermission>
      <bReadPermission>true</bReadPermission>
      <bWritePermission>true</bWritePermission>
    </L_ProjectdataProtection>
    <L_ProjectdataProtection diffgr:id="L_ProjectdataProtection97" msdata:rowOrder="96" diffgr:hasChanges="inserted">
      <iID>101</iID>
      <iSecuritylevelID>1</iSecuritylevelID>
      <iProjectdataID>51</iProjectdataID>
      <bDataView>true</bDataView>
      <bDataEdit>true</bDataEdit>
      <bDataSave>true</bDataSave>
      <bScrapFlag>false</bScrapFlag>
      <bListViewPermission>true</bListViewPermission>
      <bReadPermission>true</bReadPermission>
      <bWritePermission>true</bWritePermission>
    </L_ProjectdataProtection>
    <L_ProjectdataProtection diffgr:id="L_ProjectdataProtection98" msdata:rowOrder="97" diffgr:hasChanges="inserted">
      <iID>102</iID>
      <iSecuritylevelID>2</iSecuritylevelID>
      <iProjectdataID>51</iProjectdataID>
      <bDataView>true</bDataView>
      <bDataEdit>true</bDataEdit>
      <bDataSave>true</bDataSave>
      <bScrapFlag>false</bScrapFlag>
      <bListViewPermission>true</bListViewPermission>
      <bReadPermission>true</bReadPermission>
      <bWritePermission>true</bWritePermission>
    </L_ProjectdataProtection>
    <L_ProjectdataProtection diffgr:id="L_ProjectdataProtection99" msdata:rowOrder="98" diffgr:hasChanges="inserted">
      <iID>103</iID>
      <iSecuritylevelID>1</iSecuritylevelID>
      <iProjectdataID>52</iProjectdataID>
      <bDataView>true</bDataView>
      <bDataEdit>true</bDataEdit>
      <bDataSave>true</bDataSave>
      <bScrapFlag>false</bScrapFlag>
      <bListViewPermission>true</bListViewPermission>
      <bReadPermission>true</bReadPermission>
      <bWritePermission>true</bWritePermission>
    </L_ProjectdataProtection>
    <L_ProjectdataProtection diffgr:id="L_ProjectdataProtection100" msdata:rowOrder="99" diffgr:hasChanges="inserted">
      <iID>104</iID>
      <iSecuritylevelID>2</iSecuritylevelID>
      <iProjectdataID>52</iProjectdataID>
      <bDataView>true</bDataView>
      <bDataEdit>true</bDataEdit>
      <bDataSave>true</bDataSave>
      <bScrapFlag>false</bScrapFlag>
      <bListViewPermission>true</bListViewPermission>
      <bReadPermission>true</bReadPermission>
      <bWritePermission>true</bWritePermission>
    </L_ProjectdataProtection>
    <L_ProjectdataProtection diffgr:id="L_ProjectdataProtection101" msdata:rowOrder="100" diffgr:hasChanges="inserted">
      <iID>107</iID>
      <iSecuritylevelID>1</iSecuritylevelID>
      <iProjectdataID>54</iProjectdataID>
      <bDataView>true</bDataView>
      <bDataEdit>true</bDataEdit>
      <bDataSave>true</bDataSave>
      <bScrapFlag>false</bScrapFlag>
      <bListViewPermission>true</bListViewPermission>
      <bReadPermission>true</bReadPermission>
      <bWritePermission>true</bWritePermission>
    </L_ProjectdataProtection>
    <L_ProjectdataProtection diffgr:id="L_ProjectdataProtection102" msdata:rowOrder="101" diffgr:hasChanges="inserted">
      <iID>108</iID>
      <iSecuritylevelID>2</iSecuritylevelID>
      <iProjectdataID>54</iProjectdataID>
      <bDataView>true</bDataView>
      <bDataEdit>true</bDataEdit>
      <bDataSave>true</bDataSave>
      <bScrapFlag>false</bScrapFlag>
      <bListViewPermission>true</bListViewPermission>
      <bReadPermission>true</bReadPermission>
      <bWritePermission>true</bWritePermission>
    </L_ProjectdataProtection>
    <L_ProjectdataProtection diffgr:id="L_ProjectdataProtection103" msdata:rowOrder="102" diffgr:hasChanges="inserted">
      <iID>109</iID>
      <iSecuritylevelID>1</iSecuritylevelID>
      <iProjectdataID>55</iProjectdataID>
      <bDataView>true</bDataView>
      <bDataEdit>true</bDataEdit>
      <bDataSave>true</bDataSave>
      <bScrapFlag>false</bScrapFlag>
      <bListViewPermission>true</bListViewPermission>
      <bReadPermission>true</bReadPermission>
      <bWritePermission>true</bWritePermission>
    </L_ProjectdataProtection>
    <L_ProjectdataProtection diffgr:id="L_ProjectdataProtection104" msdata:rowOrder="103" diffgr:hasChanges="inserted">
      <iID>110</iID>
      <iSecuritylevelID>2</iSecuritylevelID>
      <iProjectdataID>55</iProjectdataID>
      <bDataView>true</bDataView>
      <bDataEdit>true</bDataEdit>
      <bDataSave>true</bDataSave>
      <bScrapFlag>false</bScrapFlag>
      <bListViewPermission>true</bListViewPermission>
      <bReadPermission>true</bReadPermission>
      <bWritePermission>true</bWritePermission>
    </L_ProjectdataProtection>
    <L_ProjectdataProtection diffgr:id="L_ProjectdataProtection105" msdata:rowOrder="104" diffgr:hasChanges="inserted">
      <iID>111</iID>
      <iSecuritylevelID>1</iSecuritylevelID>
      <iProjectdataID>56</iProjectdataID>
      <bDataView>true</bDataView>
      <bDataEdit>true</bDataEdit>
      <bDataSave>true</bDataSave>
      <bScrapFlag>false</bScrapFlag>
      <bListViewPermission>true</bListViewPermission>
      <bReadPermission>true</bReadPermission>
      <bWritePermission>true</bWritePermission>
    </L_ProjectdataProtection>
    <L_ProjectdataProtection diffgr:id="L_ProjectdataProtection106" msdata:rowOrder="105" diffgr:hasChanges="inserted">
      <iID>112</iID>
      <iSecuritylevelID>2</iSecuritylevelID>
      <iProjectdataID>56</iProjectdataID>
      <bDataView>true</bDataView>
      <bDataEdit>true</bDataEdit>
      <bDataSave>true</bDataSave>
      <bScrapFlag>false</bScrapFlag>
      <bListViewPermission>true</bListViewPermission>
      <bReadPermission>true</bReadPermission>
      <bWritePermission>true</bWritePermission>
    </L_ProjectdataProtection>
    <L_ProjectdataProtection diffgr:id="L_ProjectdataProtection107" msdata:rowOrder="106" diffgr:hasChanges="inserted">
      <iID>113</iID>
      <iSecuritylevelID>1</iSecuritylevelID>
      <iProjectdataID>57</iProjectdataID>
      <bDataView>true</bDataView>
      <bDataEdit>true</bDataEdit>
      <bDataSave>true</bDataSave>
      <bScrapFlag>false</bScrapFlag>
      <bListViewPermission>true</bListViewPermission>
      <bReadPermission>true</bReadPermission>
      <bWritePermission>true</bWritePermission>
    </L_ProjectdataProtection>
    <L_ProjectdataProtection diffgr:id="L_ProjectdataProtection108" msdata:rowOrder="107" diffgr:hasChanges="inserted">
      <iID>114</iID>
      <iSecuritylevelID>2</iSecuritylevelID>
      <iProjectdataID>57</iProjectdataID>
      <bDataView>true</bDataView>
      <bDataEdit>true</bDataEdit>
      <bDataSave>true</bDataSave>
      <bScrapFlag>false</bScrapFlag>
      <bListViewPermission>true</bListViewPermission>
      <bReadPermission>true</bReadPermission>
      <bWritePermission>true</bWritePermission>
    </L_ProjectdataProtection>
    <L_ProjectdataProtection diffgr:id="L_ProjectdataProtection109" msdata:rowOrder="108" diffgr:hasChanges="inserted">
      <iID>115</iID>
      <iSecuritylevelID>1</iSecuritylevelID>
      <iProjectdataID>58</iProjectdataID>
      <bDataView>true</bDataView>
      <bDataEdit>true</bDataEdit>
      <bDataSave>true</bDataSave>
      <bScrapFlag>false</bScrapFlag>
      <bListViewPermission>true</bListViewPermission>
      <bReadPermission>true</bReadPermission>
      <bWritePermission>true</bWritePermission>
    </L_ProjectdataProtection>
    <L_ProjectdataProtection diffgr:id="L_ProjectdataProtection110" msdata:rowOrder="109" diffgr:hasChanges="inserted">
      <iID>116</iID>
      <iSecuritylevelID>2</iSecuritylevelID>
      <iProjectdataID>58</iProjectdataID>
      <bDataView>true</bDataView>
      <bDataEdit>true</bDataEdit>
      <bDataSave>true</bDataSave>
      <bScrapFlag>false</bScrapFlag>
      <bListViewPermission>true</bListViewPermission>
      <bReadPermission>true</bReadPermission>
      <bWritePermission>true</bWritePermission>
    </L_ProjectdataProtection>
    <L_ProjectdataProtection diffgr:id="L_ProjectdataProtection111" msdata:rowOrder="110" diffgr:hasChanges="inserted">
      <iID>117</iID>
      <iSecuritylevelID>1</iSecuritylevelID>
      <iProjectdataID>59</iProjectdataID>
      <bDataView>true</bDataView>
      <bDataEdit>true</bDataEdit>
      <bDataSave>true</bDataSave>
      <bScrapFlag>false</bScrapFlag>
      <bListViewPermission>true</bListViewPermission>
      <bReadPermission>true</bReadPermission>
      <bWritePermission>true</bWritePermission>
    </L_ProjectdataProtection>
    <L_ProjectdataProtection diffgr:id="L_ProjectdataProtection112" msdata:rowOrder="111" diffgr:hasChanges="inserted">
      <iID>118</iID>
      <iSecuritylevelID>2</iSecuritylevelID>
      <iProjectdataID>59</iProjectdataID>
      <bDataView>true</bDataView>
      <bDataEdit>true</bDataEdit>
      <bDataSave>true</bDataSave>
      <bScrapFlag>false</bScrapFlag>
      <bListViewPermission>true</bListViewPermission>
      <bReadPermission>true</bReadPermission>
      <bWritePermission>true</bWritePermission>
    </L_ProjectdataProtection>
    <L_ProjectdataProtection diffgr:id="L_ProjectdataProtection113" msdata:rowOrder="112" diffgr:hasChanges="inserted">
      <iID>119</iID>
      <iSecuritylevelID>1</iSecuritylevelID>
      <iProjectdataID>60</iProjectdataID>
      <bDataView>true</bDataView>
      <bDataEdit>true</bDataEdit>
      <bDataSave>true</bDataSave>
      <bScrapFlag>false</bScrapFlag>
      <bListViewPermission>true</bListViewPermission>
      <bReadPermission>true</bReadPermission>
      <bWritePermission>true</bWritePermission>
    </L_ProjectdataProtection>
    <L_ProjectdataProtection diffgr:id="L_ProjectdataProtection114" msdata:rowOrder="113" diffgr:hasChanges="inserted">
      <iID>120</iID>
      <iSecuritylevelID>2</iSecuritylevelID>
      <iProjectdataID>60</iProjectdataID>
      <bDataView>true</bDataView>
      <bDataEdit>true</bDataEdit>
      <bDataSave>true</bDataSave>
      <bScrapFlag>false</bScrapFlag>
      <bListViewPermission>true</bListViewPermission>
      <bReadPermission>true</bReadPermission>
      <bWritePermission>true</bWritePermission>
    </L_ProjectdataProtection>
    <L_ProjectdataProtection diffgr:id="L_ProjectdataProtection115" msdata:rowOrder="114" diffgr:hasChanges="inserted">
      <iID>121</iID>
      <iSecuritylevelID>1</iSecuritylevelID>
      <iProjectdataID>61</iProjectdataID>
      <bDataView>true</bDataView>
      <bDataEdit>true</bDataEdit>
      <bDataSave>true</bDataSave>
      <bScrapFlag>false</bScrapFlag>
      <bListViewPermission>true</bListViewPermission>
      <bReadPermission>true</bReadPermission>
      <bWritePermission>true</bWritePermission>
    </L_ProjectdataProtection>
    <L_ProjectdataProtection diffgr:id="L_ProjectdataProtection116" msdata:rowOrder="115" diffgr:hasChanges="inserted">
      <iID>122</iID>
      <iSecuritylevelID>2</iSecuritylevelID>
      <iProjectdataID>61</iProjectdataID>
      <bDataView>true</bDataView>
      <bDataEdit>true</bDataEdit>
      <bDataSave>true</bDataSave>
      <bScrapFlag>false</bScrapFlag>
      <bListViewPermission>true</bListViewPermission>
      <bReadPermission>true</bReadPermission>
      <bWritePermission>true</bWritePermission>
    </L_ProjectdataProtection>
    <L_ProjectdataProtection diffgr:id="L_ProjectdataProtection117" msdata:rowOrder="116" diffgr:hasChanges="inserted">
      <iID>123</iID>
      <iSecuritylevelID>1</iSecuritylevelID>
      <iProjectdataID>62</iProjectdataID>
      <bDataView>true</bDataView>
      <bDataEdit>true</bDataEdit>
      <bDataSave>true</bDataSave>
      <bScrapFlag>false</bScrapFlag>
      <bListViewPermission>true</bListViewPermission>
      <bReadPermission>true</bReadPermission>
      <bWritePermission>true</bWritePermission>
    </L_ProjectdataProtection>
    <L_ProjectdataProtection diffgr:id="L_ProjectdataProtection118" msdata:rowOrder="117" diffgr:hasChanges="inserted">
      <iID>124</iID>
      <iSecuritylevelID>2</iSecuritylevelID>
      <iProjectdataID>62</iProjectdataID>
      <bDataView>true</bDataView>
      <bDataEdit>true</bDataEdit>
      <bDataSave>true</bDataSave>
      <bScrapFlag>false</bScrapFlag>
      <bListViewPermission>true</bListViewPermission>
      <bReadPermission>true</bReadPermission>
      <bWritePermission>true</bWritePermission>
    </L_ProjectdataProtection>
    <L_ProjectdataProtection diffgr:id="L_ProjectdataProtection119" msdata:rowOrder="118" diffgr:hasChanges="inserted">
      <iID>125</iID>
      <iSecuritylevelID>1</iSecuritylevelID>
      <iProjectdataID>63</iProjectdataID>
      <bDataView>true</bDataView>
      <bDataEdit>true</bDataEdit>
      <bDataSave>true</bDataSave>
      <bScrapFlag>false</bScrapFlag>
      <bListViewPermission>true</bListViewPermission>
      <bReadPermission>true</bReadPermission>
      <bWritePermission>true</bWritePermission>
    </L_ProjectdataProtection>
    <L_ProjectdataProtection diffgr:id="L_ProjectdataProtection120" msdata:rowOrder="119" diffgr:hasChanges="inserted">
      <iID>126</iID>
      <iSecuritylevelID>2</iSecuritylevelID>
      <iProjectdataID>63</iProjectdataID>
      <bDataView>true</bDataView>
      <bDataEdit>true</bDataEdit>
      <bDataSave>true</bDataSave>
      <bScrapFlag>false</bScrapFlag>
      <bListViewPermission>true</bListViewPermission>
      <bReadPermission>true</bReadPermission>
      <bWritePermission>true</bWritePermission>
    </L_ProjectdataProtection>
    <L_ProjectdataProtection diffgr:id="L_ProjectdataProtection121" msdata:rowOrder="120" diffgr:hasChanges="inserted">
      <iID>127</iID>
      <iSecuritylevelID>1</iSecuritylevelID>
      <iProjectdataID>64</iProjectdataID>
      <bDataView>true</bDataView>
      <bDataEdit>true</bDataEdit>
      <bDataSave>true</bDataSave>
      <bScrapFlag>false</bScrapFlag>
      <bListViewPermission>true</bListViewPermission>
      <bReadPermission>true</bReadPermission>
      <bWritePermission>true</bWritePermission>
    </L_ProjectdataProtection>
    <L_ProjectdataProtection diffgr:id="L_ProjectdataProtection122" msdata:rowOrder="121" diffgr:hasChanges="inserted">
      <iID>128</iID>
      <iSecuritylevelID>2</iSecuritylevelID>
      <iProjectdataID>64</iProjectdataID>
      <bDataView>true</bDataView>
      <bDataEdit>true</bDataEdit>
      <bDataSave>true</bDataSave>
      <bScrapFlag>false</bScrapFlag>
      <bListViewPermission>true</bListViewPermission>
      <bReadPermission>true</bReadPermission>
      <bWritePermission>true</bWritePermission>
    </L_ProjectdataProtection>
    <L_ProjectdataProtection diffgr:id="L_ProjectdataProtection123" msdata:rowOrder="122" diffgr:hasChanges="inserted">
      <iID>129</iID>
      <iSecuritylevelID>1</iSecuritylevelID>
      <iProjectdataID>65</iProjectdataID>
      <bDataView>true</bDataView>
      <bDataEdit>true</bDataEdit>
      <bDataSave>true</bDataSave>
      <bScrapFlag>false</bScrapFlag>
      <bListViewPermission>true</bListViewPermission>
      <bReadPermission>true</bReadPermission>
      <bWritePermission>true</bWritePermission>
    </L_ProjectdataProtection>
    <L_ProjectdataProtection diffgr:id="L_ProjectdataProtection124" msdata:rowOrder="123" diffgr:hasChanges="inserted">
      <iID>130</iID>
      <iSecuritylevelID>2</iSecuritylevelID>
      <iProjectdataID>65</iProjectdataID>
      <bDataView>true</bDataView>
      <bDataEdit>true</bDataEdit>
      <bDataSave>true</bDataSave>
      <bScrapFlag>false</bScrapFlag>
      <bListViewPermission>true</bListViewPermission>
      <bReadPermission>true</bReadPermission>
      <bWritePermission>true</bWritePermission>
    </L_ProjectdataProtection>
    <L_ProjectdataProtection diffgr:id="L_ProjectdataProtection125" msdata:rowOrder="124" diffgr:hasChanges="inserted">
      <iID>131</iID>
      <iSecuritylevelID>1</iSecuritylevelID>
      <iProjectdataID>66</iProjectdataID>
      <bDataView>true</bDataView>
      <bDataEdit>true</bDataEdit>
      <bDataSave>true</bDataSave>
      <bScrapFlag>false</bScrapFlag>
      <bListViewPermission>true</bListViewPermission>
      <bReadPermission>true</bReadPermission>
      <bWritePermission>true</bWritePermission>
    </L_ProjectdataProtection>
    <L_ProjectdataProtection diffgr:id="L_ProjectdataProtection126" msdata:rowOrder="125" diffgr:hasChanges="inserted">
      <iID>132</iID>
      <iSecuritylevelID>2</iSecuritylevelID>
      <iProjectdataID>66</iProjectdataID>
      <bDataView>true</bDataView>
      <bDataEdit>true</bDataEdit>
      <bDataSave>true</bDataSave>
      <bScrapFlag>false</bScrapFlag>
      <bListViewPermission>true</bListViewPermission>
      <bReadPermission>true</bReadPermission>
      <bWritePermission>true</bWritePermission>
    </L_ProjectdataProtection>
    <L_ProjectdataProtection diffgr:id="L_ProjectdataProtection127" msdata:rowOrder="126" diffgr:hasChanges="inserted">
      <iID>133</iID>
      <iSecuritylevelID>1</iSecuritylevelID>
      <iProjectdataID>67</iProjectdataID>
      <bDataView>true</bDataView>
      <bDataEdit>true</bDataEdit>
      <bDataSave>true</bDataSave>
      <bScrapFlag>false</bScrapFlag>
      <bListViewPermission>true</bListViewPermission>
      <bReadPermission>true</bReadPermission>
      <bWritePermission>true</bWritePermission>
    </L_ProjectdataProtection>
    <L_ProjectdataProtection diffgr:id="L_ProjectdataProtection128" msdata:rowOrder="127" diffgr:hasChanges="inserted">
      <iID>134</iID>
      <iSecuritylevelID>2</iSecuritylevelID>
      <iProjectdataID>67</iProjectdataID>
      <bDataView>true</bDataView>
      <bDataEdit>true</bDataEdit>
      <bDataSave>true</bDataSave>
      <bScrapFlag>false</bScrapFlag>
      <bListViewPermission>true</bListViewPermission>
      <bReadPermission>true</bReadPermission>
      <bWritePermission>true</bWritePermission>
    </L_ProjectdataProtection>
    <L_ProjectdataProtection diffgr:id="L_ProjectdataProtection129" msdata:rowOrder="128" diffgr:hasChanges="inserted">
      <iID>135</iID>
      <iSecuritylevelID>1</iSecuritylevelID>
      <iProjectdataID>68</iProjectdataID>
      <bDataView>true</bDataView>
      <bDataEdit>true</bDataEdit>
      <bDataSave>true</bDataSave>
      <bScrapFlag>false</bScrapFlag>
      <bListViewPermission>true</bListViewPermission>
      <bReadPermission>true</bReadPermission>
      <bWritePermission>true</bWritePermission>
    </L_ProjectdataProtection>
    <L_ProjectdataProtection diffgr:id="L_ProjectdataProtection130" msdata:rowOrder="129" diffgr:hasChanges="inserted">
      <iID>136</iID>
      <iSecuritylevelID>2</iSecuritylevelID>
      <iProjectdataID>68</iProjectdataID>
      <bDataView>true</bDataView>
      <bDataEdit>true</bDataEdit>
      <bDataSave>true</bDataSave>
      <bScrapFlag>false</bScrapFlag>
      <bListViewPermission>true</bListViewPermission>
      <bReadPermission>true</bReadPermission>
      <bWritePermission>true</bWritePermission>
    </L_ProjectdataProtection>
    <L_ProjectdataProtection diffgr:id="L_ProjectdataProtection131" msdata:rowOrder="130" diffgr:hasChanges="inserted">
      <iID>137</iID>
      <iSecuritylevelID>1</iSecuritylevelID>
      <iProjectdataID>69</iProjectdataID>
      <bDataView>true</bDataView>
      <bDataEdit>true</bDataEdit>
      <bDataSave>true</bDataSave>
      <bScrapFlag>false</bScrapFlag>
      <bListViewPermission>true</bListViewPermission>
      <bReadPermission>true</bReadPermission>
      <bWritePermission>true</bWritePermission>
    </L_ProjectdataProtection>
    <L_ProjectdataProtection diffgr:id="L_ProjectdataProtection132" msdata:rowOrder="131" diffgr:hasChanges="inserted">
      <iID>138</iID>
      <iSecuritylevelID>2</iSecuritylevelID>
      <iProjectdataID>69</iProjectdataID>
      <bDataView>true</bDataView>
      <bDataEdit>true</bDataEdit>
      <bDataSave>true</bDataSave>
      <bScrapFlag>false</bScrapFlag>
      <bListViewPermission>true</bListViewPermission>
      <bReadPermission>true</bReadPermission>
      <bWritePermission>true</bWritePermission>
    </L_ProjectdataProtection>
    <L_ProjectdataProtection diffgr:id="L_ProjectdataProtection133" msdata:rowOrder="132" diffgr:hasChanges="inserted">
      <iID>139</iID>
      <iSecuritylevelID>1</iSecuritylevelID>
      <iProjectdataID>70</iProjectdataID>
      <bDataView>true</bDataView>
      <bDataEdit>true</bDataEdit>
      <bDataSave>true</bDataSave>
      <bScrapFlag>false</bScrapFlag>
      <bListViewPermission>true</bListViewPermission>
      <bReadPermission>true</bReadPermission>
      <bWritePermission>true</bWritePermission>
    </L_ProjectdataProtection>
    <L_ProjectdataProtection diffgr:id="L_ProjectdataProtection134" msdata:rowOrder="133" diffgr:hasChanges="inserted">
      <iID>140</iID>
      <iSecuritylevelID>2</iSecuritylevelID>
      <iProjectdataID>70</iProjectdataID>
      <bDataView>true</bDataView>
      <bDataEdit>true</bDataEdit>
      <bDataSave>true</bDataSave>
      <bScrapFlag>false</bScrapFlag>
      <bListViewPermission>true</bListViewPermission>
      <bReadPermission>true</bReadPermission>
      <bWritePermission>true</bWritePermission>
    </L_ProjectdataProtection>
    <L_ProjectdataProtection diffgr:id="L_ProjectdataProtection135" msdata:rowOrder="134" diffgr:hasChanges="inserted">
      <iID>141</iID>
      <iSecuritylevelID>1</iSecuritylevelID>
      <iProjectdataID>71</iProjectdataID>
      <bDataView>true</bDataView>
      <bDataEdit>true</bDataEdit>
      <bDataSave>true</bDataSave>
      <bScrapFlag>false</bScrapFlag>
      <bListViewPermission>true</bListViewPermission>
      <bReadPermission>true</bReadPermission>
      <bWritePermission>true</bWritePermission>
    </L_ProjectdataProtection>
    <L_ProjectdataProtection diffgr:id="L_ProjectdataProtection136" msdata:rowOrder="135" diffgr:hasChanges="inserted">
      <iID>142</iID>
      <iSecuritylevelID>2</iSecuritylevelID>
      <iProjectdataID>71</iProjectdataID>
      <bDataView>true</bDataView>
      <bDataEdit>true</bDataEdit>
      <bDataSave>true</bDataSave>
      <bScrapFlag>false</bScrapFlag>
      <bListViewPermission>true</bListViewPermission>
      <bReadPermission>true</bReadPermission>
      <bWritePermission>true</bWritePermission>
    </L_ProjectdataProtection>
    <L_ProjectdataProtection diffgr:id="L_ProjectdataProtection137" msdata:rowOrder="136" diffgr:hasChanges="inserted">
      <iID>143</iID>
      <iSecuritylevelID>1</iSecuritylevelID>
      <iProjectdataID>72</iProjectdataID>
      <bDataView>true</bDataView>
      <bDataEdit>true</bDataEdit>
      <bDataSave>true</bDataSave>
      <bScrapFlag>false</bScrapFlag>
      <bListViewPermission>true</bListViewPermission>
      <bReadPermission>true</bReadPermission>
      <bWritePermission>true</bWritePermission>
    </L_ProjectdataProtection>
    <L_ProjectdataProtection diffgr:id="L_ProjectdataProtection138" msdata:rowOrder="137" diffgr:hasChanges="inserted">
      <iID>144</iID>
      <iSecuritylevelID>2</iSecuritylevelID>
      <iProjectdataID>72</iProjectdataID>
      <bDataView>true</bDataView>
      <bDataEdit>true</bDataEdit>
      <bDataSave>true</bDataSave>
      <bScrapFlag>false</bScrapFlag>
      <bListViewPermission>true</bListViewPermission>
      <bReadPermission>true</bReadPermission>
      <bWritePermission>true</bWritePermission>
    </L_ProjectdataProtection>
    <L_ProjectdataProtection diffgr:id="L_ProjectdataProtection139" msdata:rowOrder="138" diffgr:hasChanges="inserted">
      <iID>145</iID>
      <iSecuritylevelID>1</iSecuritylevelID>
      <iProjectdataID>73</iProjectdataID>
      <bDataView>true</bDataView>
      <bDataEdit>true</bDataEdit>
      <bDataSave>true</bDataSave>
      <bScrapFlag>false</bScrapFlag>
      <bListViewPermission>true</bListViewPermission>
      <bReadPermission>true</bReadPermission>
      <bWritePermission>true</bWritePermission>
    </L_ProjectdataProtection>
    <L_ProjectdataProtection diffgr:id="L_ProjectdataProtection140" msdata:rowOrder="139" diffgr:hasChanges="inserted">
      <iID>146</iID>
      <iSecuritylevelID>2</iSecuritylevelID>
      <iProjectdataID>73</iProjectdataID>
      <bDataView>true</bDataView>
      <bDataEdit>true</bDataEdit>
      <bDataSave>true</bDataSave>
      <bScrapFlag>false</bScrapFlag>
      <bListViewPermission>true</bListViewPermission>
      <bReadPermission>true</bReadPermission>
      <bWritePermission>true</bWritePermission>
    </L_ProjectdataProtection>
    <L_ProjectdataProtection diffgr:id="L_ProjectdataProtection141" msdata:rowOrder="140" diffgr:hasChanges="inserted">
      <iID>147</iID>
      <iSecuritylevelID>1</iSecuritylevelID>
      <iProjectdataID>74</iProjectdataID>
      <bDataView>true</bDataView>
      <bDataEdit>true</bDataEdit>
      <bDataSave>true</bDataSave>
      <bScrapFlag>false</bScrapFlag>
      <bListViewPermission>true</bListViewPermission>
      <bReadPermission>true</bReadPermission>
      <bWritePermission>true</bWritePermission>
    </L_ProjectdataProtection>
    <L_ProjectdataProtection diffgr:id="L_ProjectdataProtection142" msdata:rowOrder="141" diffgr:hasChanges="inserted">
      <iID>148</iID>
      <iSecuritylevelID>2</iSecuritylevelID>
      <iProjectdataID>74</iProjectdataID>
      <bDataView>true</bDataView>
      <bDataEdit>true</bDataEdit>
      <bDataSave>true</bDataSave>
      <bScrapFlag>false</bScrapFlag>
      <bListViewPermission>true</bListViewPermission>
      <bReadPermission>true</bReadPermission>
      <bWritePermission>true</bWritePermission>
    </L_ProjectdataProtection>
    <L_ProjectdataProtection diffgr:id="L_ProjectdataProtection143" msdata:rowOrder="142" diffgr:hasChanges="inserted">
      <iID>149</iID>
      <iSecuritylevelID>1</iSecuritylevelID>
      <iProjectdataID>75</iProjectdataID>
      <bDataView>true</bDataView>
      <bDataEdit>true</bDataEdit>
      <bDataSave>true</bDataSave>
      <bScrapFlag>false</bScrapFlag>
      <bListViewPermission>true</bListViewPermission>
      <bReadPermission>true</bReadPermission>
      <bWritePermission>true</bWritePermission>
    </L_ProjectdataProtection>
    <L_ProjectdataProtection diffgr:id="L_ProjectdataProtection144" msdata:rowOrder="143" diffgr:hasChanges="inserted">
      <iID>150</iID>
      <iSecuritylevelID>2</iSecuritylevelID>
      <iProjectdataID>75</iProjectdataID>
      <bDataView>true</bDataView>
      <bDataEdit>true</bDataEdit>
      <bDataSave>true</bDataSave>
      <bScrapFlag>false</bScrapFlag>
      <bListViewPermission>true</bListViewPermission>
      <bReadPermission>true</bReadPermission>
      <bWritePermission>true</bWritePermission>
    </L_ProjectdataProtection>
    <L_ProjectdataProtection diffgr:id="L_ProjectdataProtection145" msdata:rowOrder="144" diffgr:hasChanges="inserted">
      <iID>151</iID>
      <iSecuritylevelID>1</iSecuritylevelID>
      <iProjectdataID>76</iProjectdataID>
      <bDataView>true</bDataView>
      <bDataEdit>true</bDataEdit>
      <bDataSave>true</bDataSave>
      <bScrapFlag>false</bScrapFlag>
      <bListViewPermission>true</bListViewPermission>
      <bReadPermission>true</bReadPermission>
      <bWritePermission>true</bWritePermission>
    </L_ProjectdataProtection>
    <L_ProjectdataProtection diffgr:id="L_ProjectdataProtection146" msdata:rowOrder="145" diffgr:hasChanges="inserted">
      <iID>152</iID>
      <iSecuritylevelID>2</iSecuritylevelID>
      <iProjectdataID>76</iProjectdataID>
      <bDataView>true</bDataView>
      <bDataEdit>true</bDataEdit>
      <bDataSave>true</bDataSave>
      <bScrapFlag>false</bScrapFlag>
      <bListViewPermission>true</bListViewPermission>
      <bReadPermission>true</bReadPermission>
      <bWritePermission>true</bWritePermission>
    </L_ProjectdataProtection>
    <L_ProjectdataProtection diffgr:id="L_ProjectdataProtection147" msdata:rowOrder="146" diffgr:hasChanges="inserted">
      <iID>153</iID>
      <iSecuritylevelID>1</iSecuritylevelID>
      <iProjectdataID>77</iProjectdataID>
      <bDataView>true</bDataView>
      <bDataEdit>true</bDataEdit>
      <bDataSave>true</bDataSave>
      <bScrapFlag>false</bScrapFlag>
      <bListViewPermission>true</bListViewPermission>
      <bReadPermission>true</bReadPermission>
      <bWritePermission>true</bWritePermission>
    </L_ProjectdataProtection>
    <L_ProjectdataProtection diffgr:id="L_ProjectdataProtection148" msdata:rowOrder="147" diffgr:hasChanges="inserted">
      <iID>154</iID>
      <iSecuritylevelID>2</iSecuritylevelID>
      <iProjectdataID>77</iProjectdataID>
      <bDataView>true</bDataView>
      <bDataEdit>true</bDataEdit>
      <bDataSave>true</bDataSave>
      <bScrapFlag>false</bScrapFlag>
      <bListViewPermission>true</bListViewPermission>
      <bReadPermission>true</bReadPermission>
      <bWritePermission>true</bWritePermission>
    </L_ProjectdataProtection>
    <L_ProjectdataProtection diffgr:id="L_ProjectdataProtection149" msdata:rowOrder="148" diffgr:hasChanges="inserted">
      <iID>155</iID>
      <iSecuritylevelID>1</iSecuritylevelID>
      <iProjectdataID>78</iProjectdataID>
      <bDataView>true</bDataView>
      <bDataEdit>true</bDataEdit>
      <bDataSave>true</bDataSave>
      <bScrapFlag>false</bScrapFlag>
      <bListViewPermission>true</bListViewPermission>
      <bReadPermission>true</bReadPermission>
      <bWritePermission>true</bWritePermission>
    </L_ProjectdataProtection>
    <L_ProjectdataProtection diffgr:id="L_ProjectdataProtection150" msdata:rowOrder="149" diffgr:hasChanges="inserted">
      <iID>156</iID>
      <iSecuritylevelID>2</iSecuritylevelID>
      <iProjectdataID>78</iProjectdataID>
      <bDataView>true</bDataView>
      <bDataEdit>true</bDataEdit>
      <bDataSave>true</bDataSave>
      <bScrapFlag>false</bScrapFlag>
      <bListViewPermission>true</bListViewPermission>
      <bReadPermission>true</bReadPermission>
      <bWritePermission>true</bWritePermission>
    </L_ProjectdataProtection>
    <L_ProjectdataProtection diffgr:id="L_ProjectdataProtection151" msdata:rowOrder="150" diffgr:hasChanges="inserted">
      <iID>157</iID>
      <iSecuritylevelID>1</iSecuritylevelID>
      <iProjectdataID>79</iProjectdataID>
      <bDataView>true</bDataView>
      <bDataEdit>true</bDataEdit>
      <bDataSave>true</bDataSave>
      <bScrapFlag>false</bScrapFlag>
      <bListViewPermission>true</bListViewPermission>
      <bReadPermission>true</bReadPermission>
      <bWritePermission>true</bWritePermission>
    </L_ProjectdataProtection>
    <L_ProjectdataProtection diffgr:id="L_ProjectdataProtection152" msdata:rowOrder="151" diffgr:hasChanges="inserted">
      <iID>158</iID>
      <iSecuritylevelID>2</iSecuritylevelID>
      <iProjectdataID>79</iProjectdataID>
      <bDataView>true</bDataView>
      <bDataEdit>true</bDataEdit>
      <bDataSave>true</bDataSave>
      <bScrapFlag>false</bScrapFlag>
      <bListViewPermission>true</bListViewPermission>
      <bReadPermission>true</bReadPermission>
      <bWritePermission>true</bWritePermission>
    </L_ProjectdataProtection>
    <L_ProjectdataProtection diffgr:id="L_ProjectdataProtection153" msdata:rowOrder="152" diffgr:hasChanges="inserted">
      <iID>159</iID>
      <iSecuritylevelID>1</iSecuritylevelID>
      <iProjectdataID>80</iProjectdataID>
      <bDataView>true</bDataView>
      <bDataEdit>true</bDataEdit>
      <bDataSave>true</bDataSave>
      <bScrapFlag>false</bScrapFlag>
      <bListViewPermission>true</bListViewPermission>
      <bReadPermission>true</bReadPermission>
      <bWritePermission>true</bWritePermission>
    </L_ProjectdataProtection>
    <L_ProjectdataProtection diffgr:id="L_ProjectdataProtection154" msdata:rowOrder="153" diffgr:hasChanges="inserted">
      <iID>160</iID>
      <iSecuritylevelID>2</iSecuritylevelID>
      <iProjectdataID>80</iProjectdataID>
      <bDataView>true</bDataView>
      <bDataEdit>true</bDataEdit>
      <bDataSave>true</bDataSave>
      <bScrapFlag>false</bScrapFlag>
      <bListViewPermission>true</bListViewPermission>
      <bReadPermission>true</bReadPermission>
      <bWritePermission>true</bWritePermission>
    </L_ProjectdataProtection>
    <L_ProjectdataProtection diffgr:id="L_ProjectdataProtection155" msdata:rowOrder="154" diffgr:hasChanges="inserted">
      <iID>161</iID>
      <iSecuritylevelID>1</iSecuritylevelID>
      <iProjectdataID>81</iProjectdataID>
      <bDataView>true</bDataView>
      <bDataEdit>true</bDataEdit>
      <bDataSave>true</bDataSave>
      <bScrapFlag>false</bScrapFlag>
      <bListViewPermission>true</bListViewPermission>
      <bReadPermission>true</bReadPermission>
      <bWritePermission>true</bWritePermission>
    </L_ProjectdataProtection>
    <L_ProjectdataProtection diffgr:id="L_ProjectdataProtection156" msdata:rowOrder="155" diffgr:hasChanges="inserted">
      <iID>162</iID>
      <iSecuritylevelID>2</iSecuritylevelID>
      <iProjectdataID>81</iProjectdataID>
      <bDataView>true</bDataView>
      <bDataEdit>true</bDataEdit>
      <bDataSave>true</bDataSave>
      <bScrapFlag>false</bScrapFlag>
      <bListViewPermission>true</bListViewPermission>
      <bReadPermission>true</bReadPermission>
      <bWritePermission>true</bWritePermission>
    </L_ProjectdataProtection>
    <L_ProjectdataProtection diffgr:id="L_ProjectdataProtection157" msdata:rowOrder="156" diffgr:hasChanges="inserted">
      <iID>163</iID>
      <iSecuritylevelID>1</iSecuritylevelID>
      <iProjectdataID>82</iProjectdataID>
      <bDataView>true</bDataView>
      <bDataEdit>true</bDataEdit>
      <bDataSave>true</bDataSave>
      <bScrapFlag>false</bScrapFlag>
      <bListViewPermission>true</bListViewPermission>
      <bReadPermission>true</bReadPermission>
      <bWritePermission>true</bWritePermission>
    </L_ProjectdataProtection>
    <L_ProjectdataProtection diffgr:id="L_ProjectdataProtection158" msdata:rowOrder="157" diffgr:hasChanges="inserted">
      <iID>164</iID>
      <iSecuritylevelID>2</iSecuritylevelID>
      <iProjectdataID>82</iProjectdataID>
      <bDataView>true</bDataView>
      <bDataEdit>true</bDataEdit>
      <bDataSave>true</bDataSave>
      <bScrapFlag>false</bScrapFlag>
      <bListViewPermission>true</bListViewPermission>
      <bReadPermission>true</bReadPermission>
      <bWritePermission>true</bWritePermission>
    </L_ProjectdataProtection>
    <L_ProjectdataProtection diffgr:id="L_ProjectdataProtection159" msdata:rowOrder="158" diffgr:hasChanges="inserted">
      <iID>173</iID>
      <iSecuritylevelID>1</iSecuritylevelID>
      <iProjectdataID>87</iProjectdataID>
      <bDataView>true</bDataView>
      <bDataEdit>true</bDataEdit>
      <bDataSave>true</bDataSave>
      <bScrapFlag>false</bScrapFlag>
      <bListViewPermission>true</bListViewPermission>
      <bReadPermission>true</bReadPermission>
      <bWritePermission>true</bWritePermission>
    </L_ProjectdataProtection>
    <L_ProjectdataProtection diffgr:id="L_ProjectdataProtection160" msdata:rowOrder="159" diffgr:hasChanges="inserted">
      <iID>174</iID>
      <iSecuritylevelID>2</iSecuritylevelID>
      <iProjectdataID>87</iProjectdataID>
      <bDataView>true</bDataView>
      <bDataEdit>true</bDataEdit>
      <bDataSave>true</bDataSave>
      <bScrapFlag>false</bScrapFlag>
      <bListViewPermission>true</bListViewPermission>
      <bReadPermission>true</bReadPermission>
      <bWritePermission>true</bWritePermission>
    </L_ProjectdataProtection>
    <L_ProjectdataProtection diffgr:id="L_ProjectdataProtection161" msdata:rowOrder="160" diffgr:hasChanges="inserted">
      <iID>175</iID>
      <iSecuritylevelID>1</iSecuritylevelID>
      <iProjectdataID>88</iProjectdataID>
      <bDataView>true</bDataView>
      <bDataEdit>true</bDataEdit>
      <bDataSave>true</bDataSave>
      <bScrapFlag>false</bScrapFlag>
      <bListViewPermission>true</bListViewPermission>
      <bReadPermission>true</bReadPermission>
      <bWritePermission>true</bWritePermission>
    </L_ProjectdataProtection>
    <L_ProjectdataProtection diffgr:id="L_ProjectdataProtection162" msdata:rowOrder="161" diffgr:hasChanges="inserted">
      <iID>176</iID>
      <iSecuritylevelID>2</iSecuritylevelID>
      <iProjectdataID>88</iProjectdataID>
      <bDataView>true</bDataView>
      <bDataEdit>true</bDataEdit>
      <bDataSave>true</bDataSave>
      <bScrapFlag>false</bScrapFlag>
      <bListViewPermission>true</bListViewPermission>
      <bReadPermission>true</bReadPermission>
      <bWritePermission>true</bWritePermission>
    </L_ProjectdataProtection>
    <L_ProjectdataProtection diffgr:id="L_ProjectdataProtection163" msdata:rowOrder="162" diffgr:hasChanges="inserted">
      <iID>41</iID>
      <iSecuritylevelID>1</iSecuritylevelID>
      <iProjectdataID>21</iProjectdataID>
      <bDataView>true</bDataView>
      <bDataEdit>true</bDataEdit>
      <bDataSave>true</bDataSave>
      <bScrapFlag>false</bScrapFlag>
      <bListViewPermission>true</bListViewPermission>
      <bReadPermission>true</bReadPermission>
      <bWritePermission>true</bWritePermission>
    </L_ProjectdataProtection>
    <L_ProjectdataProtection diffgr:id="L_ProjectdataProtection164" msdata:rowOrder="163" diffgr:hasChanges="inserted">
      <iID>42</iID>
      <iSecuritylevelID>2</iSecuritylevelID>
      <iProjectdataID>21</iProjectdataID>
      <bDataView>true</bDataView>
      <bDataEdit>true</bDataEdit>
      <bDataSave>true</bDataSave>
      <bScrapFlag>false</bScrapFlag>
      <bListViewPermission>true</bListViewPermission>
      <bReadPermission>true</bReadPermission>
      <bWritePermission>true</bWritePermission>
    </L_ProjectdataProtection>
    <L_ProjectdataProtection diffgr:id="L_ProjectdataProtection165" msdata:rowOrder="164" diffgr:hasChanges="inserted">
      <iID>43</iID>
      <iSecuritylevelID>1</iSecuritylevelID>
      <iProjectdataID>22</iProjectdataID>
      <bDataView>true</bDataView>
      <bDataEdit>true</bDataEdit>
      <bDataSave>true</bDataSave>
      <bScrapFlag>false</bScrapFlag>
      <bListViewPermission>true</bListViewPermission>
      <bReadPermission>true</bReadPermission>
      <bWritePermission>true</bWritePermission>
    </L_ProjectdataProtection>
    <L_ProjectdataProtection diffgr:id="L_ProjectdataProtection166" msdata:rowOrder="165" diffgr:hasChanges="inserted">
      <iID>44</iID>
      <iSecuritylevelID>2</iSecuritylevelID>
      <iProjectdataID>22</iProjectdataID>
      <bDataView>true</bDataView>
      <bDataEdit>true</bDataEdit>
      <bDataSave>true</bDataSave>
      <bScrapFlag>false</bScrapFlag>
      <bListViewPermission>true</bListViewPermission>
      <bReadPermission>true</bReadPermission>
      <bWritePermission>true</bWritePermission>
    </L_ProjectdataProtection>
    <L_ProjectdataProtection diffgr:id="L_ProjectdataProtection167" msdata:rowOrder="166" diffgr:hasChanges="inserted">
      <iID>177</iID>
      <iSecuritylevelID>1</iSecuritylevelID>
      <iProjectdataID>89</iProjectdataID>
      <bDataView>true</bDataView>
      <bDataEdit>true</bDataEdit>
      <bDataSave>true</bDataSave>
      <bScrapFlag>false</bScrapFlag>
      <bListViewPermission>true</bListViewPermission>
      <bReadPermission>true</bReadPermission>
      <bWritePermission>true</bWritePermission>
    </L_ProjectdataProtection>
    <L_ProjectdataProtection diffgr:id="L_ProjectdataProtection168" msdata:rowOrder="167" diffgr:hasChanges="inserted">
      <iID>178</iID>
      <iSecuritylevelID>2</iSecuritylevelID>
      <iProjectdataID>89</iProjectdataID>
      <bDataView>true</bDataView>
      <bDataEdit>true</bDataEdit>
      <bDataSave>true</bDataSave>
      <bScrapFlag>false</bScrapFlag>
      <bListViewPermission>true</bListViewPermission>
      <bReadPermission>true</bReadPermission>
      <bWritePermission>true</bWritePermission>
    </L_ProjectdataProtection>
    <L_ProjectdataProtection diffgr:id="L_ProjectdataProtection169" msdata:rowOrder="168" diffgr:hasChanges="inserted">
      <iID>179</iID>
      <iSecuritylevelID>1</iSecuritylevelID>
      <iProjectdataID>90</iProjectdataID>
      <bDataView>true</bDataView>
      <bDataEdit>true</bDataEdit>
      <bDataSave>true</bDataSave>
      <bScrapFlag>false</bScrapFlag>
      <bListViewPermission>true</bListViewPermission>
      <bReadPermission>true</bReadPermission>
      <bWritePermission>true</bWritePermission>
    </L_ProjectdataProtection>
    <L_ProjectdataProtection diffgr:id="L_ProjectdataProtection170" msdata:rowOrder="169" diffgr:hasChanges="inserted">
      <iID>180</iID>
      <iSecuritylevelID>2</iSecuritylevelID>
      <iProjectdataID>90</iProjectdataID>
      <bDataView>true</bDataView>
      <bDataEdit>true</bDataEdit>
      <bDataSave>true</bDataSave>
      <bScrapFlag>false</bScrapFlag>
      <bListViewPermission>true</bListViewPermission>
      <bReadPermission>true</bReadPermission>
      <bWritePermission>true</bWritePermission>
    </L_ProjectdataProtection>
    <L_ProjectdataProtection diffgr:id="L_ProjectdataProtection171" msdata:rowOrder="170" diffgr:hasChanges="inserted">
      <iID>165</iID>
      <iSecuritylevelID>1</iSecuritylevelID>
      <iProjectdataID>83</iProjectdataID>
      <bDataView>true</bDataView>
      <bDataEdit>true</bDataEdit>
      <bDataSave>true</bDataSave>
      <bScrapFlag>false</bScrapFlag>
      <bListViewPermission>true</bListViewPermission>
      <bReadPermission>true</bReadPermission>
      <bWritePermission>true</bWritePermission>
    </L_ProjectdataProtection>
    <L_ProjectdataProtection diffgr:id="L_ProjectdataProtection172" msdata:rowOrder="171" diffgr:hasChanges="inserted">
      <iID>166</iID>
      <iSecuritylevelID>2</iSecuritylevelID>
      <iProjectdataID>83</iProjectdataID>
      <bDataView>true</bDataView>
      <bDataEdit>true</bDataEdit>
      <bDataSave>true</bDataSave>
      <bScrapFlag>false</bScrapFlag>
      <bListViewPermission>true</bListViewPermission>
      <bReadPermission>true</bReadPermission>
      <bWritePermission>true</bWritePermission>
    </L_ProjectdataProtection>
    <L_ProjectdataProtection diffgr:id="L_ProjectdataProtection173" msdata:rowOrder="172" diffgr:hasChanges="inserted">
      <iID>167</iID>
      <iSecuritylevelID>1</iSecuritylevelID>
      <iProjectdataID>84</iProjectdataID>
      <bDataView>true</bDataView>
      <bDataEdit>true</bDataEdit>
      <bDataSave>true</bDataSave>
      <bScrapFlag>false</bScrapFlag>
      <bListViewPermission>true</bListViewPermission>
      <bReadPermission>true</bReadPermission>
      <bWritePermission>true</bWritePermission>
    </L_ProjectdataProtection>
    <L_ProjectdataProtection diffgr:id="L_ProjectdataProtection174" msdata:rowOrder="173" diffgr:hasChanges="inserted">
      <iID>168</iID>
      <iSecuritylevelID>2</iSecuritylevelID>
      <iProjectdataID>84</iProjectdataID>
      <bDataView>true</bDataView>
      <bDataEdit>true</bDataEdit>
      <bDataSave>true</bDataSave>
      <bScrapFlag>false</bScrapFlag>
      <bListViewPermission>true</bListViewPermission>
      <bReadPermission>true</bReadPermission>
      <bWritePermission>true</bWritePermission>
    </L_ProjectdataProtection>
    <L_ProjectdataProtection diffgr:id="L_ProjectdataProtection177" msdata:rowOrder="174" diffgr:hasChanges="inserted">
      <iID>105</iID>
      <iSecuritylevelID>1</iSecuritylevelID>
      <iProjectdataID>53</iProjectdataID>
      <bDataView>true</bDataView>
      <bDataEdit>true</bDataEdit>
      <bDataSave>true</bDataSave>
      <bScrapFlag>false</bScrapFlag>
      <bListViewPermission>true</bListViewPermission>
      <bReadPermission>true</bReadPermission>
      <bWritePermission>true</bWritePermission>
    </L_ProjectdataProtection>
    <L_ProjectdataProtection diffgr:id="L_ProjectdataProtection178" msdata:rowOrder="175" diffgr:hasChanges="inserted">
      <iID>106</iID>
      <iSecuritylevelID>2</iSecuritylevelID>
      <iProjectdataID>53</iProjectdataID>
      <bDataView>true</bDataView>
      <bDataEdit>true</bDataEdit>
      <bDataSave>true</bDataSave>
      <bScrapFlag>false</bScrapFlag>
      <bListViewPermission>true</bListViewPermission>
      <bReadPermission>true</bReadPermission>
      <bWritePermission>true</bWritePermission>
    </L_ProjectdataProtection>
    <D_DBVersion diffgr:id="D_DBVersion2" msdata:rowOrder="0" diffgr:hasChanges="inserted">
      <iSupportVersion>1</iSupportVersion>
      <iCreateVersion>1</iCreateVersion>
    </D_DBVersion>
  </DSPROJECTDATAPROTECTION>
</diffgr:diffgram>