<diffgr:diffgram xmlns:msdata="urn:schemas-microsoft-com:xml-msdata" xmlns:diffgr="urn:schemas-microsoft-com:xml-diffgram-v1">
  <DSHISTORY>
    <D_History diffgr:id="D_History1" msdata:rowOrder="0" diffgr:hasChanges="inserted">
      <iID>1</iID>
      <iProjectdataID>1</iProjectdataID>
      <szComment />
      <iEditor>0</iEditor>
      <dtUpdateDate>2016-07-27T16:36:01.6831256+08:00</dtUpdateDate>
      <dtFileTimeStamp>2016-06-30T17:09:56.8766743+08:00</dtFileTimeStamp>
      <dtFileUpdateDate>2016-07-27T16:36:01.6831256+08:00</dtFileUpdateDate>
      <iFileSize>554</iFileSize>
      <szMD5val>7TOh4BIP3N932/utvTyMXQ==</szMD5val>
      <szProjectdataName>16-405_20160726.prj</szProjectdataName>
    </D_History>
    <D_History diffgr:id="D_History2" msdata:rowOrder="1" diffgr:hasChanges="inserted">
      <iID>2</iID>
      <iProjectdataID>2</iProjectdataID>
      <szComment />
      <iEditor>0</iEditor>
      <dtUpdateDate>2016-06-30T17:09:56.894689+08:00</dtUpdateDate>
      <dtFileTimeStamp>2016-06-30T17:09:56.894689+08:00</dtFileTimeStamp>
      <dtFileUpdateDate>2016-06-30T17:09:56.894689+08:00</dtFileUpdateDate>
      <iFileSize>62</iFileSize>
      <szMD5val>u/1lwrHhykUfrHXAryPDRg==</szMD5val>
      <szProjectdataName>0101000000000002.col</szProjectdataName>
    </D_History>
    <D_History diffgr:id="D_History3" msdata:rowOrder="2" diffgr:hasChanges="inserted">
      <iID>3</iID>
      <iProjectdataID>3</iProjectdataID>
      <szComment />
      <iEditor>0</iEditor>
      <dtUpdateDate>2016-07-22T09:01:55.4482288+08:00</dtUpdateDate>
      <dtFileTimeStamp>2016-06-30T17:09:56.981757+08:00</dtFileTimeStamp>
      <dtFileUpdateDate>2016-07-22T09:01:55.4482288+08:00</dtFileUpdateDate>
      <iFileSize>62</iFileSize>
      <szMD5val>daBUaKj+b7dcMt6O57Bytw==</szMD5val>
      <szProjectdataName>0101000000000003.col</szProjectdataName>
    </D_History>
    <D_History diffgr:id="D_History4" msdata:rowOrder="3" diffgr:hasChanges="inserted">
      <iID>4</iID>
      <iProjectdataID>4</iProjectdataID>
      <szComment />
      <iEditor>0</iEditor>
      <dtUpdateDate>2016-07-22T09:01:55.4672418+08:00</dtUpdateDate>
      <dtFileTimeStamp>2016-06-30T17:09:57.0047664+08:00</dtFileTimeStamp>
      <dtFileUpdateDate>2016-07-22T09:01:55.4672418+08:00</dtFileUpdateDate>
      <iFileSize>62</iFileSize>
      <szMD5val>daBUaKj+b7dcMt6O57Bytw==</szMD5val>
      <szProjectdataName>0101000000000004.col</szProjectdataName>
    </D_History>
    <D_History diffgr:id="D_History5" msdata:rowOrder="4" diffgr:hasChanges="inserted">
      <iID>5</iID>
      <iProjectdataID>5</iProjectdataID>
      <szComment />
      <iEditor>0</iEditor>
      <dtUpdateDate>2016-06-30T17:09:57.0267853+08:00</dtUpdateDate>
      <dtFileTimeStamp>2016-06-30T17:09:57.0267853+08:00</dtFileTimeStamp>
      <dtFileUpdateDate>2016-06-30T17:09:57.0267853+08:00</dtFileUpdateDate>
      <iFileSize>62</iFileSize>
      <szMD5val>K8BGR49cFj8dXqrY+dRmgg==</szMD5val>
      <szProjectdataName>0101000000000005.col</szProjectdataName>
    </D_History>
    <D_History diffgr:id="D_History6" msdata:rowOrder="5" diffgr:hasChanges="inserted">
      <iID>6</iID>
      <iProjectdataID>6</iProjectdataID>
      <szComment />
      <iEditor>0</iEditor>
      <dtUpdateDate>2016-07-22T14:06:25.5915215+08:00</dtUpdateDate>
      <dtFileTimeStamp>2016-06-30T17:09:57.0558228+08:00</dtFileTimeStamp>
      <dtFileUpdateDate>2016-07-22T14:06:25.5915215+08:00</dtFileUpdateDate>
      <iFileSize>24</iFileSize>
      <szMD5val>cFCE0307aZ5EzDoVX7oqQQ==</szMD5val>
      <szProjectdataName>0101000000000006.col</szProjectdataName>
    </D_History>
    <D_History diffgr:id="D_History7" msdata:rowOrder="6" diffgr:hasChanges="inserted">
      <iID>7</iID>
      <iProjectdataID>7</iProjectdataID>
      <szComment />
      <iEditor>0</iEditor>
      <dtUpdateDate>2016-06-30T17:09:57.0678304+08:00</dtUpdateDate>
      <dtFileTimeStamp>2016-06-30T17:09:57.0678304+08:00</dtFileTimeStamp>
      <dtFileUpdateDate>2016-06-30T17:09:57.0678304+08:00</dtFileUpdateDate>
      <iFileSize>24</iFileSize>
      <szMD5val>K3o4ppfJ+jOPPHqWl6vgJQ==</szMD5val>
      <szProjectdataName>0101000000000007.col</szProjectdataName>
    </D_History>
    <D_History diffgr:id="D_History8" msdata:rowOrder="7" diffgr:hasChanges="inserted">
      <iID>8</iID>
      <iProjectdataID>8</iProjectdataID>
      <szComment />
      <iEditor>0</iEditor>
      <dtUpdateDate>2016-06-30T17:09:57.0798501+08:00</dtUpdateDate>
      <dtFileTimeStamp>2016-06-30T17:09:57.0798501+08:00</dtFileTimeStamp>
      <dtFileUpdateDate>2016-06-30T17:09:57.0798501+08:00</dtFileUpdateDate>
      <iFileSize>24</iFileSize>
      <szMD5val>ODJs4LM8FvB/TuZnYaKl8Q==</szMD5val>
      <szProjectdataName>0101000000000008.col</szProjectdataName>
    </D_History>
    <D_History diffgr:id="D_History9" msdata:rowOrder="8" diffgr:hasChanges="inserted">
      <iID>9</iID>
      <iProjectdataID>9</iProjectdataID>
      <szComment />
      <iEditor>0</iEditor>
      <dtUpdateDate>2016-07-14T14:05:32.7634214+08:00</dtUpdateDate>
      <dtFileTimeStamp>2016-06-30T17:09:57.0938311+08:00</dtFileTimeStamp>
      <dtFileUpdateDate>2016-07-14T14:05:32.7634214+08:00</dtFileUpdateDate>
      <iFileSize>62</iFileSize>
      <szMD5val>EUGiPmkvJ5KVJWS5DC83jg==</szMD5val>
      <szProjectdataName>0101000000000009.col</szProjectdataName>
    </D_History>
    <D_History diffgr:id="D_History10" msdata:rowOrder="9" diffgr:hasChanges="inserted">
      <iID>10</iID>
      <iProjectdataID>10</iProjectdataID>
      <szComment />
      <iEditor>0</iEditor>
      <dtUpdateDate>2016-07-26T16:31:27.953579+08:00</dtUpdateDate>
      <dtFileTimeStamp>2016-06-30T17:09:57.1088465+08:00</dtFileTimeStamp>
      <dtFileUpdateDate>2016-07-26T16:31:27.953579+08:00</dtFileUpdateDate>
      <iFileSize>62</iFileSize>
      <szMD5val>pcG86xeBtbsLFAeJhVJyIQ==</szMD5val>
      <szProjectdataName>010100000000000A.col</szProjectdataName>
    </D_History>
    <D_History diffgr:id="D_History11" msdata:rowOrder="10" diffgr:hasChanges="inserted">
      <iID>11</iID>
      <iProjectdataID>11</iProjectdataID>
      <szComment />
      <iEditor>0</iEditor>
      <dtUpdateDate>2016-06-30T17:09:57.1248705+08:00</dtUpdateDate>
      <dtFileTimeStamp>2016-06-30T17:09:57.1248705+08:00</dtFileTimeStamp>
      <dtFileUpdateDate>2016-06-30T17:09:57.1248705+08:00</dtFileUpdateDate>
      <iFileSize>24</iFileSize>
      <szMD5val>eIKRmQR1pUVWPf8NN2+gOA==</szMD5val>
      <szProjectdataName>010100000000000B.col</szProjectdataName>
    </D_History>
    <D_History diffgr:id="D_History12" msdata:rowOrder="11" diffgr:hasChanges="inserted">
      <iID>12</iID>
      <iProjectdataID>12</iProjectdataID>
      <szComment />
      <iEditor>0</iEditor>
      <dtUpdateDate>2016-07-26T16:31:53.5807668+08:00</dtUpdateDate>
      <dtFileTimeStamp>2016-06-30T17:09:57.1398662+08:00</dtFileTimeStamp>
      <dtFileUpdateDate>2016-07-26T16:31:53.5807668+08:00</dtFileUpdateDate>
      <iFileSize>41260</iFileSize>
      <szMD5val>9wPWqQKQ+o799x+5VaaIGw==</szMD5val>
      <szProjectdataName>MAIN.res</szProjectdataName>
    </D_History>
    <D_History diffgr:id="D_History13" msdata:rowOrder="12" diffgr:hasChanges="inserted">
      <iID>13</iID>
      <iProjectdataID>13</iProjectdataID>
      <szComment />
      <iEditor>0</iEditor>
      <dtUpdateDate>2016-07-14T14:05:32.8414769+08:00</dtUpdateDate>
      <dtFileTimeStamp>2016-06-30T17:09:57.1548746+08:00</dtFileTimeStamp>
      <dtFileUpdateDate>2016-07-14T14:05:32.8414769+08:00</dtFileUpdateDate>
      <iFileSize>116</iFileSize>
      <szMD5val>CNmwljOpacxxhrrxgDBZxA==</szMD5val>
      <szProjectdataName>Task_01.tsk</szProjectdataName>
    </D_History>
    <D_History diffgr:id="D_History14" msdata:rowOrder="13" diffgr:hasChanges="inserted">
      <iID>14</iID>
      <iProjectdataID>14</iProjectdataID>
      <szComment />
      <iEditor>0</iEditor>
      <dtUpdateDate>2016-07-14T14:05:32.8654744+08:00</dtUpdateDate>
      <dtFileTimeStamp>2016-06-30T17:09:57.1699034+08:00</dtFileTimeStamp>
      <dtFileUpdateDate>2016-07-14T14:05:32.8654744+08:00</dtFileUpdateDate>
      <iFileSize>398</iFileSize>
      <szMD5val>G0gzPpxpEXkB5q3IjPp/3w==</szMD5val>
      <szProjectdataName>First.str</szProjectdataName>
    </D_History>
    <D_History diffgr:id="D_History15" msdata:rowOrder="14" diffgr:hasChanges="inserted">
      <iID>15</iID>
      <iProjectdataID>15</iProjectdataID>
      <szComment />
      <iEditor>0</iEditor>
      <dtUpdateDate>2016-07-22T09:01:55.5492811+08:00</dtUpdateDate>
      <dtFileTimeStamp>2016-06-30T17:09:57.1848969+08:00</dtFileTimeStamp>
      <dtFileUpdateDate>2016-07-22T09:01:55.5492811+08:00</dtFileUpdateDate>
      <iFileSize>390</iFileSize>
      <szMD5val>Uryz7bX40oo/6dHHu+AV9g==</szMD5val>
      <szProjectdataName>Global1.gh</szProjectdataName>
    </D_History>
    <D_History diffgr:id="D_History16" msdata:rowOrder="15" diffgr:hasChanges="inserted">
      <iID>16</iID>
      <iProjectdataID>16</iProjectdataID>
      <szComment />
      <iEditor>0</iEditor>
      <dtUpdateDate>2016-07-18T17:08:31.4430786+08:00</dtUpdateDate>
      <dtFileTimeStamp>2016-06-30T17:09:57.1999066+08:00</dtFileTimeStamp>
      <dtFileUpdateDate>2016-07-18T17:08:31.4430786+08:00</dtFileUpdateDate>
      <iFileSize>3016</iFileSize>
      <szMD5val>LgX/x9EYV3NJIcCmVA+BAw==</szMD5val>
      <szProjectdataName>IO.gh</szProjectdataName>
    </D_History>
    <D_History diffgr:id="D_History17" msdata:rowOrder="16" diffgr:hasChanges="inserted">
      <iID>17</iID>
      <iProjectdataID>17</iProjectdataID>
      <szComment />
      <iEditor>0</iEditor>
      <dtUpdateDate>2016-07-20T19:37:31.2066405+08:00</dtUpdateDate>
      <dtFileTimeStamp>2016-06-30T17:09:57.2149173+08:00</dtFileTimeStamp>
      <dtFileUpdateDate>2016-07-20T19:37:31.2066405+08:00</dtFileUpdateDate>
      <iFileSize>5278</iFileSize>
      <szMD5val>PUYPIka3QznBuGz0q1otYw==</szMD5val>
      <szProjectdataName>DeltaServo_IO.gh</szProjectdataName>
    </D_History>
    <D_History diffgr:id="D_History18" msdata:rowOrder="17" diffgr:hasChanges="inserted">
      <iID>18</iID>
      <iProjectdataID>18</iProjectdataID>
      <szComment />
      <iEditor>0</iEditor>
      <dtUpdateDate>2016-07-26T16:31:28.0126009+08:00</dtUpdateDate>
      <dtFileTimeStamp>2016-06-30T17:09:57.2309459+08:00</dtFileTimeStamp>
      <dtFileUpdateDate>2016-07-26T16:31:28.0126009+08:00</dtFileUpdateDate>
      <iFileSize>1394</iFileSize>
      <szMD5val>DYpCHwIDYfHHxmjB3G59FA==</szMD5val>
      <szProjectdataName>Status.gh</szProjectdataName>
    </D_History>
    <D_History diffgr:id="D_History19" msdata:rowOrder="18" diffgr:hasChanges="inserted">
      <iID>19</iID>
      <iProjectdataID>19</iProjectdataID>
      <szComment />
      <iEditor>0</iEditor>
      <dtUpdateDate>2016-07-26T16:31:53.6067876+08:00</dtUpdateDate>
      <dtFileTimeStamp>2016-06-30T17:09:57.2459394+08:00</dtFileTimeStamp>
      <dtFileUpdateDate>2016-07-26T16:31:53.6067876+08:00</dtFileUpdateDate>
      <iFileSize>5792</iFileSize>
      <szMD5val>VR1tA+03I2IOV2I+0hU6WA==</szMD5val>
      <szProjectdataName>POU_01.Labels.lh</szProjectdataName>
    </D_History>
    <D_History diffgr:id="D_History20" msdata:rowOrder="19" diffgr:hasChanges="inserted">
      <iID>20</iID>
      <iProjectdataID>20</iProjectdataID>
      <szComment />
      <iEditor>0</iEditor>
      <dtUpdateDate>2016-07-26T16:31:53.6227972+08:00</dtUpdateDate>
      <dtFileTimeStamp>2016-06-30T17:09:57.2619493+08:00</dtFileTimeStamp>
      <dtFileUpdateDate>2016-07-26T16:31:53.6227972+08:00</dtFileUpdateDate>
      <iFileSize>37819</iFileSize>
      <szMD5val>PGquKEm+Gs9vv5zKQpCL3Q==</szMD5val>
      <szProjectdataName>POU_01.Program.pou</szProjectdataName>
    </D_History>
    <D_History diffgr:id="D_History21" msdata:rowOrder="20" diffgr:hasChanges="inserted">
      <iID>23</iID>
      <iProjectdataID>23</iProjectdataID>
      <szComment />
      <iEditor>0</iEditor>
      <dtUpdateDate>2016-07-14T20:19:46.141799+08:00</dtUpdateDate>
      <dtFileTimeStamp>2016-06-30T17:09:57.311984+08:00</dtFileTimeStamp>
      <dtFileUpdateDate>2016-07-14T20:19:46.141799+08:00</dtFileUpdateDate>
      <iFileSize>1114</iFileSize>
      <szMD5val>vI9tg3Wj2TO2p9MdIofiBg==</szMD5val>
      <szProjectdataName>Param.wpa</szProjectdataName>
    </D_History>
    <D_History diffgr:id="D_History22" msdata:rowOrder="21" diffgr:hasChanges="inserted">
      <iID>24</iID>
      <iProjectdataID>24</iProjectdataID>
      <szComment />
      <iEditor>0</iEditor>
      <dtUpdateDate>2016-07-27T16:36:01.7091436+08:00</dtUpdateDate>
      <dtFileTimeStamp>2016-06-30T17:09:57.3290157+08:00</dtFileTimeStamp>
      <dtFileUpdateDate>2016-07-27T16:36:01.7091436+08:00</dtFileUpdateDate>
      <iFileSize>38</iFileSize>
      <szMD5val>Hen0bv7TSCTZ94DnwYmCLg==</szMD5val>
      <szProjectdataName>Param.lup</szProjectdataName>
    </D_History>
    <D_History diffgr:id="D_History23" msdata:rowOrder="22" diffgr:hasChanges="inserted">
      <iID>25</iID>
      <iProjectdataID>25</iProjectdataID>
      <szComment />
      <iEditor>0</iEditor>
      <dtUpdateDate>2016-07-22T14:06:25.6605525+08:00</dtUpdateDate>
      <dtFileTimeStamp>2016-06-30T17:09:57.3450276+08:00</dtFileTimeStamp>
      <dtFileUpdateDate>2016-07-22T14:06:25.6605525+08:00</dtFileUpdateDate>
      <iFileSize>60</iFileSize>
      <szMD5val>mwFvu5IrvYVTvc0fKPjMcA==</szMD5val>
      <szProjectdataName>COMMENT.qcd</szProjectdataName>
    </D_History>
    <D_History diffgr:id="D_History24" msdata:rowOrder="23" diffgr:hasChanges="inserted">
      <iID>26</iID>
      <iProjectdataID>26</iProjectdataID>
      <szComment />
      <iEditor>0</iEditor>
      <dtUpdateDate>2016-06-30T17:09:57.3620219+08:00</dtUpdateDate>
      <dtFileTimeStamp>2016-06-30T17:09:57.3620219+08:00</dtFileTimeStamp>
      <dtFileUpdateDate>2016-06-30T17:09:57.3620219+08:00</dtFileUpdateDate>
      <iFileSize>124</iFileSize>
      <szMD5val>J1GTJT9MP821zrNtckIugQ==</szMD5val>
      <szProjectdataName>MAIN.qdv</szProjectdataName>
    </D_History>
    <D_History diffgr:id="D_History25" msdata:rowOrder="24" diffgr:hasChanges="inserted">
      <iID>27</iID>
      <iProjectdataID>27</iProjectdataID>
      <szComment />
      <iEditor>0</iEditor>
      <dtUpdateDate>2016-06-30T17:09:57.4000625+08:00</dtUpdateDate>
      <dtFileTimeStamp>2016-06-30T17:09:57.4000625+08:00</dtFileTimeStamp>
      <dtFileUpdateDate>2016-06-30T17:09:57.4000625+08:00</dtFileUpdateDate>
      <iFileSize>0</iFileSize>
      <szMD5val>1B2M2Y8AsgTpgAmY7PhCfg==</szMD5val>
      <szProjectdataName>AUTOEXEC.wbt</szProjectdataName>
    </D_History>
    <D_History diffgr:id="D_History26" msdata:rowOrder="25" diffgr:hasChanges="inserted">
      <iID>28</iID>
      <iProjectdataID>28</iProjectdataID>
      <szComment />
      <iEditor>0</iEditor>
      <dtUpdateDate>2016-06-30T17:09:57.4160581+08:00</dtUpdateDate>
      <dtFileTimeStamp>2016-06-30T17:09:57.4160581+08:00</dtFileTimeStamp>
      <dtFileUpdateDate>2016-06-30T17:09:57.4160581+08:00</dtFileUpdateDate>
      <iFileSize>100</iFileSize>
      <szMD5val>bQuwCVTOt/vuQ2u1WoOXqQ==</szMD5val>
      <szProjectdataName>00000000.qtm</szProjectdataName>
    </D_History>
    <D_History diffgr:id="D_History27" msdata:rowOrder="26" diffgr:hasChanges="inserted">
      <iID>29</iID>
      <iProjectdataID>29</iProjectdataID>
      <szComment />
      <iEditor>0</iEditor>
      <dtUpdateDate>2016-07-18T17:17:19.0156513+08:00</dtUpdateDate>
      <dtFileTimeStamp>2016-06-30T17:09:57.4340732+08:00</dtFileTimeStamp>
      <dtFileUpdateDate>2016-07-18T17:17:19.0156513+08:00</dtFileUpdateDate>
      <iFileSize>62</iFileSize>
      <szMD5val>KjtUOdtswE75wBehZeaVhw==</szMD5val>
      <szProjectdataName>UserLibrary.col</szProjectdataName>
    </D_History>
    <D_History diffgr:id="D_History28" msdata:rowOrder="27" diffgr:hasChanges="inserted">
      <iID>30</iID>
      <iProjectdataID>30</iProjectdataID>
      <szComment />
      <iEditor>0</iEditor>
      <dtUpdateDate>2016-06-30T17:09:57.4881126+08:00</dtUpdateDate>
      <dtFileTimeStamp>2016-06-30T17:09:57.4881126+08:00</dtFileTimeStamp>
      <dtFileUpdateDate>2016-06-30T17:09:57.4881126+08:00</dtFileUpdateDate>
      <iFileSize>148204</iFileSize>
      <szMD5val>f5rKFZXAB/NtQ7EgQrxmEA==</szMD5val>
      <szProjectdataName>MELSECFunction.lif</szProjectdataName>
    </D_History>
    <D_History diffgr:id="D_History29" msdata:rowOrder="28" diffgr:hasChanges="inserted">
      <iID>31</iID>
      <iProjectdataID>31</iProjectdataID>
      <szComment />
      <iEditor>0</iEditor>
      <dtUpdateDate>2016-06-30T17:09:57.5521614+08:00</dtUpdateDate>
      <dtFileTimeStamp>2016-06-30T17:09:57.5521614+08:00</dtFileTimeStamp>
      <dtFileUpdateDate>2016-06-30T17:09:57.5521614+08:00</dtFileUpdateDate>
      <iFileSize>10385</iFileSize>
      <szMD5val>7+drM16jm/utihpTww0rcQ==</szMD5val>
      <szProjectdataName>IECFunction.lif</szProjectdataName>
    </D_History>
    <D_History diffgr:id="D_History30" msdata:rowOrder="29" diffgr:hasChanges="inserted">
      <iID>32</iID>
      <iProjectdataID>32</iProjectdataID>
      <szComment />
      <iEditor>0</iEditor>
      <dtUpdateDate>2016-06-30T17:09:57.6061957+08:00</dtUpdateDate>
      <dtFileTimeStamp>2016-06-30T17:09:57.6061957+08:00</dtFileTimeStamp>
      <dtFileUpdateDate>2016-06-30T17:09:57.6061957+08:00</dtFileUpdateDate>
      <iFileSize>2319</iFileSize>
      <szMD5val>jGJsa6EAamc2p0OSvY+nDg==</szMD5val>
      <szProjectdataName>MELSEC_LIB2.lif</szProjectdataName>
    </D_History>
    <D_History diffgr:id="D_History31" msdata:rowOrder="30" diffgr:hasChanges="inserted">
      <iID>33</iID>
      <iProjectdataID>33</iProjectdataID>
      <szComment />
      <iEditor>0</iEditor>
      <dtUpdateDate>2016-07-22T09:01:55.6813948+08:00</dtUpdateDate>
      <dtFileTimeStamp>2016-06-30T17:09:57.6242267+08:00</dtFileTimeStamp>
      <dtFileUpdateDate>2016-07-22T09:01:55.6813948+08:00</dtFileUpdateDate>
      <iFileSize>580</iFileSize>
      <szMD5val>ERvfpSc4MI1wtVgq9evWFg==</szMD5val>
      <szProjectdataName>BlockPassword.bpw</szProjectdataName>
    </D_History>
    <D_History diffgr:id="D_History32" msdata:rowOrder="31" diffgr:hasChanges="inserted">
      <iID>34</iID>
      <iProjectdataID>34</iProjectdataID>
      <szComment />
      <iEditor>0</iEditor>
      <dtUpdateDate>2016-06-30T17:09:57.642239+08:00</dtUpdateDate>
      <dtFileTimeStamp>2016-06-30T17:09:57.6412201+08:00</dtFileTimeStamp>
      <dtFileUpdateDate>2016-06-30T17:09:57.642239+08:00</dtFileUpdateDate>
      <iFileSize>0</iFileSize>
      <szMD5val>1B2M2Y8AsgTpgAmY7PhCfg==</szMD5val>
      <szProjectdataName>SamplingTrace.qtd</szProjectdataName>
    </D_History>
    <D_History diffgr:id="D_History33" msdata:rowOrder="32" diffgr:hasChanges="inserted">
      <iID>35</iID>
      <iProjectdataID>35</iProjectdataID>
      <szComment />
      <iEditor>0</iEditor>
      <dtUpdateDate>2016-06-30T17:09:57.6582509+08:00</dtUpdateDate>
      <dtFileTimeStamp>2016-06-30T17:09:57.6582509+08:00</dtFileTimeStamp>
      <dtFileUpdateDate>2016-06-30T17:09:57.6582509+08:00</dtFileUpdateDate>
      <iFileSize>44</iFileSize>
      <szMD5val>qu5F7W7uQucmTGnx/5HOUw==</szMD5val>
      <szProjectdataName>SystemLabel.sld</szProjectdataName>
    </D_History>
    <D_History diffgr:id="D_History34" msdata:rowOrder="33" diffgr:hasChanges="inserted">
      <iID>36</iID>
      <iProjectdataID>36</iProjectdataID>
      <szComment />
      <iEditor>0</iEditor>
      <dtUpdateDate>2016-06-30T17:09:57.7162716+08:00</dtUpdateDate>
      <dtFileTimeStamp>2016-06-30T17:09:57.7162716+08:00</dtFileTimeStamp>
      <dtFileUpdateDate>2016-06-30T17:09:57.7162716+08:00</dtFileUpdateDate>
      <iFileSize>82</iFileSize>
      <szMD5val>Go/imuSD2TIA50HTogghMg==</szMD5val>
      <szProjectdataName>16-405.pji</szProjectdataName>
    </D_History>
    <D_History diffgr:id="D_History35" msdata:rowOrder="34" diffgr:hasChanges="inserted">
      <iID>37</iID>
      <iProjectdataID>37</iProjectdataID>
      <szComment />
      <iEditor>3</iEditor>
      <dtUpdateDate>2016-07-27T16:36:02.1574622+08:00</dtUpdateDate>
      <dtFileTimeStamp>2016-06-30T17:09:57.9424521+08:00</dtFileTimeStamp>
      <dtFileUpdateDate>2016-07-27T16:36:02.1574622+08:00</dtFileUpdateDate>
      <iFileSize>77824</iFileSize>
      <szMD5val>7xf+w+u2PsIqrBXTjEHy4A==</szMD5val>
      <szProjectdataName>DeviceAssignment.dat</szProjectdataName>
    </D_History>
    <D_History diffgr:id="D_History36" msdata:rowOrder="35" diffgr:hasChanges="inserted">
      <iID>38</iID>
      <iProjectdataID>38</iProjectdataID>
      <szComment />
      <iEditor>3</iEditor>
      <dtUpdateDate>2016-07-26T16:31:53.9280149+08:00</dtUpdateDate>
      <dtFileTimeStamp>2016-06-30T17:09:57.9604477+08:00</dtFileTimeStamp>
      <dtFileUpdateDate>2016-07-26T16:31:53.9280149+08:00</dtFileUpdateDate>
      <iFileSize>77824</iFileSize>
      <szMD5val>NJFUKPWSk2Awkk0kyY7OtQ==</szMD5val>
      <szProjectdataName>ProgramAnalysis.dat</szProjectdataName>
    </D_History>
    <D_History diffgr:id="D_History37" msdata:rowOrder="36" diffgr:hasChanges="inserted">
      <iID>39</iID>
      <iProjectdataID>39</iProjectdataID>
      <szComment />
      <iEditor>3</iEditor>
      <dtUpdateDate>2016-07-26T16:31:53.9510308+08:00</dtUpdateDate>
      <dtFileTimeStamp>2016-06-30T17:09:57.9784787+08:00</dtFileTimeStamp>
      <dtFileUpdateDate>2016-07-26T16:31:53.9510308+08:00</dtFileUpdateDate>
      <iFileSize>102400</iFileSize>
      <szMD5val>8etu3763eHsQ1D0HY1zq9Q==</szMD5val>
      <szProjectdataName>DebugInformation.dat</szProjectdataName>
    </D_History>
    <D_History diffgr:id="D_History38" msdata:rowOrder="37" diffgr:hasChanges="inserted">
      <iID>40</iID>
      <iProjectdataID>40</iProjectdataID>
      <szComment />
      <iEditor>3</iEditor>
      <dtUpdateDate>2016-07-27T16:36:02.1657963+08:00</dtUpdateDate>
      <dtFileTimeStamp>2016-06-30T17:09:57.9964878+08:00</dtFileTimeStamp>
      <dtFileUpdateDate>2016-07-27T16:36:02.1657963+08:00</dtFileUpdateDate>
      <iFileSize>27241</iFileSize>
      <szMD5val>kqybMimxxWa/WTrk7CSw1w==</szMD5val>
      <szProjectdataName>CallTree.dat</szProjectdataName>
    </D_History>
    <D_History diffgr:id="D_History39" msdata:rowOrder="38" diffgr:hasChanges="inserted">
      <iID>41</iID>
      <iProjectdataID>41</iProjectdataID>
      <szComment />
      <iEditor>3</iEditor>
      <dtUpdateDate>2016-07-26T16:31:53.9720616+08:00</dtUpdateDate>
      <dtFileTimeStamp>2016-06-30T17:09:58.0144861+08:00</dtFileTimeStamp>
      <dtFileUpdateDate>2016-07-26T16:31:53.9720616+08:00</dtFileUpdateDate>
      <iFileSize>80489</iFileSize>
      <szMD5val>g7NC6j6/3VBXii0nUNVuIQ==</szMD5val>
      <szProjectdataName>CGTable.dat</szProjectdataName>
    </D_History>
    <D_History diffgr:id="D_History40" msdata:rowOrder="39" diffgr:hasChanges="inserted">
      <iID>42</iID>
      <iProjectdataID>42</iProjectdataID>
      <szComment />
      <iEditor>3</iEditor>
      <dtUpdateDate>2016-07-27T16:36:02.2104989+08:00</dtUpdateDate>
      <dtFileTimeStamp>2016-06-30T17:09:58.0314992+08:00</dtFileTimeStamp>
      <dtFileUpdateDate>2016-07-27T16:36:02.2104989+08:00</dtFileUpdateDate>
      <iFileSize>15271</iFileSize>
      <szMD5val>PGlpg+JvwvyXU2esutcDyA==</szMD5val>
      <szProjectdataName>DebugInformation2.dat</szProjectdataName>
    </D_History>
    <D_History diffgr:id="D_History41" msdata:rowOrder="40" diffgr:hasChanges="inserted">
      <iID>43</iID>
      <iProjectdataID>43</iProjectdataID>
      <szComment />
      <iEditor>3</iEditor>
      <dtUpdateDate>2016-07-27T16:36:02.297564+08:00</dtUpdateDate>
      <dtFileTimeStamp>2016-06-30T17:09:58.0655201+08:00</dtFileTimeStamp>
      <dtFileUpdateDate>2016-07-27T16:36:02.297564+08:00</dtFileUpdateDate>
      <iFileSize>142336</iFileSize>
      <szMD5val>XBZA4Tthvfy+u2Jb+K+ZOA==</szMD5val>
      <szProjectdataName>ESCompiler.stg</szProjectdataName>
    </D_History>
    <D_History diffgr:id="D_History42" msdata:rowOrder="41" diffgr:hasChanges="inserted">
      <iID>44</iID>
      <iProjectdataID>44</iProjectdataID>
      <szComment>SaveProject</szComment>
      <iEditor>0</iEditor>
      <dtUpdateDate>2016-07-18T14:59:10.7984572+08:00</dtUpdateDate>
      <dtFileTimeStamp>2016-06-30T17:09:58.181605+08:00</dtFileTimeStamp>
      <dtFileUpdateDate>2016-07-18T14:59:10.7984572+08:00</dtFileUpdateDate>
      <iFileSize>13</iFileSize>
      <szMD5val>C4Z+U8HSM86f5J1UVJojIw==</szMD5val>
      <szProjectdataName>ProjectStatusFlag.dat</szProjectdataName>
    </D_History>
    <D_History diffgr:id="D_History43" msdata:rowOrder="42" diffgr:hasChanges="inserted">
      <iID>45</iID>
      <iProjectdataID>45</iProjectdataID>
      <szComment />
      <iEditor>0</iEditor>
      <dtUpdateDate>2016-07-27T16:36:02.5977755+08:00</dtUpdateDate>
      <dtFileTimeStamp>2016-06-30T17:09:58.2626627+08:00</dtFileTimeStamp>
      <dtFileUpdateDate>2016-07-27T16:36:02.5977755+08:00</dtFileUpdateDate>
      <iFileSize>35908</iFileSize>
      <szMD5val>nLL71zoQPAejJdes8tyRmA==</szMD5val>
      <szProjectdataName>Gppw2.gpj</szProjectdataName>
    </D_History>
    <D_History diffgr:id="D_History44" msdata:rowOrder="43" diffgr:hasChanges="inserted">
      <iID>46</iID>
      <iProjectdataID>46</iProjectdataID>
      <szComment />
      <iEditor>0</iEditor>
      <dtUpdateDate>2016-06-30T17:09:58.3177018+08:00</dtUpdateDate>
      <dtFileTimeStamp>2016-06-30T17:09:58.3177018+08:00</dtFileTimeStamp>
      <dtFileUpdateDate>2016-06-30T17:09:58.3177018+08:00</dtFileUpdateDate>
      <iFileSize>25</iFileSize>
      <szMD5val>IQU29oke+HT2h0l7INq5bQ==</szMD5val>
      <szProjectdataName>OPTIONDATA.PrgDebugger</szProjectdataName>
    </D_History>
    <D_History diffgr:id="D_History45" msdata:rowOrder="44" diffgr:hasChanges="inserted">
      <iID>47</iID>
      <iProjectdataID>47</iProjectdataID>
      <szComment />
      <iEditor>0</iEditor>
      <dtUpdateDate>2016-06-30T17:09:58.3727387+08:00</dtUpdateDate>
      <dtFileTimeStamp>2016-06-30T17:09:58.3727387+08:00</dtFileTimeStamp>
      <dtFileUpdateDate>2016-06-30T17:09:58.3727387+08:00</dtFileUpdateDate>
      <iFileSize>16</iFileSize>
      <szMD5val>yaX2aOJIaEXzhFKxvmfuZQ==</szMD5val>
      <szProjectdataName>PRGDEBUGGER_WND1.PrgDebugger</szProjectdataName>
    </D_History>
    <D_History diffgr:id="D_History46" msdata:rowOrder="45" diffgr:hasChanges="inserted">
      <iID>48</iID>
      <iProjectdataID>48</iProjectdataID>
      <szComment />
      <iEditor>0</iEditor>
      <dtUpdateDate>2016-06-30T17:09:58.4277797+08:00</dtUpdateDate>
      <dtFileTimeStamp>2016-06-30T17:09:58.4277797+08:00</dtFileTimeStamp>
      <dtFileUpdateDate>2016-06-30T17:09:58.4277797+08:00</dtFileUpdateDate>
      <iFileSize>17</iFileSize>
      <szMD5val>8iBsLL4dx5GevrW47qVrRA==</szMD5val>
      <szProjectdataName>PRGDEBUGGER_WND2.PrgDebugger</szProjectdataName>
    </D_History>
    <D_History diffgr:id="D_History47" msdata:rowOrder="46" diffgr:hasChanges="inserted">
      <iID>49</iID>
      <iProjectdataID>49</iProjectdataID>
      <szComment />
      <iEditor>0</iEditor>
      <dtUpdateDate>2016-06-30T17:09:58.5028312+08:00</dtUpdateDate>
      <dtFileTimeStamp>2016-06-30T17:09:58.5028312+08:00</dtFileTimeStamp>
      <dtFileUpdateDate>2016-06-30T17:09:58.5028312+08:00</dtFileUpdateDate>
      <iFileSize>16</iFileSize>
      <szMD5val>yaX2aOJIaEXzhFKxvmfuZQ==</szMD5val>
      <szProjectdataName>PRGDEBUGGER_WND3.PrgDebugger</szProjectdataName>
    </D_History>
    <D_History diffgr:id="D_History48" msdata:rowOrder="47" diffgr:hasChanges="inserted">
      <iID>50</iID>
      <iProjectdataID>50</iProjectdataID>
      <szComment />
      <iEditor>0</iEditor>
      <dtUpdateDate>2016-07-22T13:05:49.6092316+08:00</dtUpdateDate>
      <dtFileTimeStamp>2016-06-30T17:09:58.5658761+08:00</dtFileTimeStamp>
      <dtFileUpdateDate>2016-07-22T13:05:49.6092316+08:00</dtFileUpdateDate>
      <iFileSize>1556</iFileSize>
      <szMD5val>e4qmS4b80tRnX9joPVPm8A==</szMD5val>
      <szProjectdataName>Cnct2.ini</szProjectdataName>
    </D_History>
    <D_History diffgr:id="D_History49" msdata:rowOrder="48" diffgr:hasChanges="inserted">
      <iID>51</iID>
      <iProjectdataID>51</iProjectdataID>
      <szComment />
      <iEditor>0</iEditor>
      <dtUpdateDate>2016-06-30T17:09:58.622919+08:00</dtUpdateDate>
      <dtFileTimeStamp>2016-06-30T17:09:58.622919+08:00</dtFileTimeStamp>
      <dtFileUpdateDate>2016-06-30T17:09:58.622919+08:00</dtFileUpdateDate>
      <iFileSize>16</iFileSize>
      <szMD5val>ufoEWUEDyvkFEHng/fA5+w==</szMD5val>
      <szProjectdataName>CCLinkDiag2.dat</szProjectdataName>
    </D_History>
    <D_History diffgr:id="D_History50" msdata:rowOrder="49" diffgr:hasChanges="inserted">
      <iID>52</iID>
      <iProjectdataID>52</iProjectdataID>
      <szComment />
      <iEditor>0</iEditor>
      <dtUpdateDate>2016-06-30T17:09:58.6799591+08:00</dtUpdateDate>
      <dtFileTimeStamp>2016-06-30T17:09:58.6799591+08:00</dtFileTimeStamp>
      <dtFileUpdateDate>2016-06-30T17:09:58.6799591+08:00</dtFileUpdateDate>
      <iFileSize>16</iFileSize>
      <szMD5val>ufoEWUEDyvkFEHng/fA5+w==</szMD5val>
      <szProjectdataName>CCLinkDiag.dat</szProjectdataName>
    </D_History>
    <D_History diffgr:id="D_History51" msdata:rowOrder="50" diffgr:hasChanges="inserted">
      <iID>54</iID>
      <iProjectdataID>54</iProjectdataID>
      <szComment />
      <iEditor>0</iEditor>
      <dtUpdateDate>2016-07-26T16:31:28.1016647+08:00</dtUpdateDate>
      <dtFileTimeStamp>2016-07-13T18:19:04.5340739+08:00</dtFileTimeStamp>
      <dtFileUpdateDate>2016-07-26T16:31:28.1016647+08:00</dtFileUpdateDate>
      <iFileSize>460</iFileSize>
      <szMD5val>K/DeAGV43XBzINVnJfLWKg==</szMD5val>
      <szProjectdataName>Switch_Set.Labels.lh</szProjectdataName>
    </D_History>
    <D_History diffgr:id="D_History52" msdata:rowOrder="51" diffgr:hasChanges="inserted">
      <iID>55</iID>
      <iProjectdataID>55</iProjectdataID>
      <szComment />
      <iEditor>0</iEditor>
      <dtUpdateDate>2016-07-26T16:31:28.1186767+08:00</dtUpdateDate>
      <dtFileTimeStamp>2016-07-13T18:19:04.5631108+08:00</dtFileTimeStamp>
      <dtFileUpdateDate>2016-07-26T16:31:28.1186767+08:00</dtFileUpdateDate>
      <iFileSize>4661</iFileSize>
      <szMD5val>Vi4d+jeFCZn2tbGiBu0Pbw==</szMD5val>
      <szProjectdataName>Switch_Set.Program.pou</szProjectdataName>
    </D_History>
    <D_History diffgr:id="D_History53" msdata:rowOrder="52" diffgr:hasChanges="inserted">
      <iID>56</iID>
      <iProjectdataID>56</iProjectdataID>
      <szComment />
      <iEditor>0</iEditor>
      <dtUpdateDate>2016-07-26T13:41:27.2118593+08:00</dtUpdateDate>
      <dtFileTimeStamp>2016-07-13T18:19:04.5811073+08:00</dtFileTimeStamp>
      <dtFileUpdateDate>2016-07-26T13:41:27.2118593+08:00</dtFileUpdateDate>
      <iFileSize>5014</iFileSize>
      <szMD5val>2BnXligYsnDqQBoUvEGU5w==</szMD5val>
      <szProjectdataName>Manually.Labels.lh</szProjectdataName>
    </D_History>
    <D_History diffgr:id="D_History54" msdata:rowOrder="53" diffgr:hasChanges="inserted">
      <iID>57</iID>
      <iProjectdataID>57</iProjectdataID>
      <szComment />
      <iEditor>0</iEditor>
      <dtUpdateDate>2016-07-26T13:41:27.2278697+08:00</dtUpdateDate>
      <dtFileTimeStamp>2016-07-13T18:19:04.5991206+08:00</dtFileTimeStamp>
      <dtFileUpdateDate>2016-07-26T13:41:27.2278697+08:00</dtFileUpdateDate>
      <iFileSize>34419</iFileSize>
      <szMD5val>9nqzgNn5AlSSE54sP0wRVA==</szMD5val>
      <szProjectdataName>Manually.Program.pou</szProjectdataName>
    </D_History>
    <D_History diffgr:id="D_History55" msdata:rowOrder="54" diffgr:hasChanges="inserted">
      <iID>58</iID>
      <iProjectdataID>58</iProjectdataID>
      <szComment />
      <iEditor>0</iEditor>
      <dtUpdateDate>2016-07-14T14:05:33.1877293+08:00</dtUpdateDate>
      <dtFileTimeStamp>2016-07-14T14:05:33.1867291+08:00</dtFileTimeStamp>
      <dtFileUpdateDate>2016-07-14T14:05:33.1877293+08:00</dtFileUpdateDate>
      <iFileSize>408</iFileSize>
      <szMD5val>U6xPx9PCzJ8vwoDkv30SjQ==</szMD5val>
      <szProjectdataName>Second.str</szProjectdataName>
    </D_History>
    <D_History diffgr:id="D_History56" msdata:rowOrder="55" diffgr:hasChanges="inserted">
      <iID>59</iID>
      <iProjectdataID>59</iProjectdataID>
      <szComment />
      <iEditor>0</iEditor>
      <dtUpdateDate>2016-07-26T16:31:28.0296135+08:00</dtUpdateDate>
      <dtFileTimeStamp>2016-07-14T14:05:33.2267323+08:00</dtFileTimeStamp>
      <dtFileUpdateDate>2016-07-26T16:31:28.0296135+08:00</dtFileUpdateDate>
      <iFileSize>1968</iFileSize>
      <szMD5val>gLhyw8tiOlW4FF3x3kBj6g==</szMD5val>
      <szProjectdataName>HMI.gh</szProjectdataName>
    </D_History>
    <D_History diffgr:id="D_History57" msdata:rowOrder="56" diffgr:hasChanges="inserted">
      <iID>60</iID>
      <iProjectdataID>60</iProjectdataID>
      <szComment />
      <iEditor>0</iEditor>
      <dtUpdateDate>2016-07-20T14:58:15.4376272+08:00</dtUpdateDate>
      <dtFileTimeStamp>2016-07-14T20:19:46.3809883+08:00</dtFileTimeStamp>
      <dtFileUpdateDate>2016-07-20T14:58:15.4376272+08:00</dtFileUpdateDate>
      <iFileSize>236</iFileSize>
      <szMD5val>6fDnzL7WuJtF51bIO76gpA==</szMD5val>
      <szProjectdataName>JobSelectProg.Labels.lh</szProjectdataName>
    </D_History>
    <D_History diffgr:id="D_History58" msdata:rowOrder="57" diffgr:hasChanges="inserted">
      <iID>61</iID>
      <iProjectdataID>61</iProjectdataID>
      <szComment />
      <iEditor>0</iEditor>
      <dtUpdateDate>2016-07-20T14:58:15.4556241+08:00</dtUpdateDate>
      <dtFileTimeStamp>2016-07-14T20:19:46.4129952+08:00</dtFileTimeStamp>
      <dtFileUpdateDate>2016-07-20T14:58:15.4556241+08:00</dtFileUpdateDate>
      <iFileSize>841</iFileSize>
      <szMD5val>jG7hd3XSNSE04qRggSvi+w==</szMD5val>
      <szProjectdataName>JobSelectProg.Program.pou</szProjectdataName>
    </D_History>
    <D_History diffgr:id="D_History59" msdata:rowOrder="58" diffgr:hasChanges="inserted">
      <iID>62</iID>
      <iProjectdataID>62</iProjectdataID>
      <szComment />
      <iEditor>0</iEditor>
      <dtUpdateDate>2016-07-23T13:52:53.6493105+08:00</dtUpdateDate>
      <dtFileTimeStamp>2016-07-14T20:19:46.4320214+08:00</dtFileTimeStamp>
      <dtFileUpdateDate>2016-07-23T13:52:53.6493105+08:00</dtFileUpdateDate>
      <iFileSize>232</iFileSize>
      <szMD5val>KIXiw3Dkm0dAt4Md364YwA==</szMD5val>
      <szProjectdataName>Parameter_Change.Labels.lh</szProjectdataName>
    </D_History>
    <D_History diffgr:id="D_History60" msdata:rowOrder="59" diffgr:hasChanges="inserted">
      <iID>63</iID>
      <iProjectdataID>63</iProjectdataID>
      <szComment />
      <iEditor>0</iEditor>
      <dtUpdateDate>2016-07-23T13:52:53.759388+08:00</dtUpdateDate>
      <dtFileTimeStamp>2016-07-14T20:19:46.4510209+08:00</dtFileTimeStamp>
      <dtFileUpdateDate>2016-07-23T13:52:53.759388+08:00</dtFileUpdateDate>
      <iFileSize>11595</iFileSize>
      <szMD5val>nGopMETCqsFUHXIT8/T+lQ==</szMD5val>
      <szProjectdataName>Parameter_Change.Program.pou</szProjectdataName>
    </D_History>
    <D_History diffgr:id="D_History61" msdata:rowOrder="60" diffgr:hasChanges="inserted">
      <iID>64</iID>
      <iProjectdataID>64</iProjectdataID>
      <szComment />
      <iEditor>0</iEditor>
      <dtUpdateDate>2016-07-18T17:08:31.6382376+08:00</dtUpdateDate>
      <dtFileTimeStamp>2016-07-18T17:08:31.6382376+08:00</dtFileTimeStamp>
      <dtFileUpdateDate>2016-07-18T17:08:31.6382376+08:00</dtFileUpdateDate>
      <iFileSize>180</iFileSize>
      <szMD5val>1p8AzGHAJHKtySmTECfCMg==</szMD5val>
      <szProjectdataName>Counter.lif</szProjectdataName>
    </D_History>
    <D_History diffgr:id="D_History62" msdata:rowOrder="61" diffgr:hasChanges="inserted">
      <iID>65</iID>
      <iProjectdataID>65</iProjectdataID>
      <szComment />
      <iEditor>0</iEditor>
      <dtUpdateDate>2016-07-18T17:08:31.6582323+08:00</dtUpdateDate>
      <dtFileTimeStamp>2016-07-18T17:08:31.6582323+08:00</dtFileTimeStamp>
      <dtFileUpdateDate>2016-07-18T17:08:31.6582323+08:00</dtFileUpdateDate>
      <iFileSize>134</iFileSize>
      <szMD5val>wV3TkZffX69qb7jFTnOADQ==</szMD5val>
      <szProjectdataName>0155000000000000\Counter.col</szProjectdataName>
    </D_History>
    <D_History diffgr:id="D_History63" msdata:rowOrder="62" diffgr:hasChanges="inserted">
      <iID>66</iID>
      <iProjectdataID>66</iProjectdataID>
      <szComment />
      <iEditor>0</iEditor>
      <dtUpdateDate>2016-07-18T17:08:31.6792472+08:00</dtUpdateDate>
      <dtFileTimeStamp>2016-07-18T17:08:31.6792472+08:00</dtFileTimeStamp>
      <dtFileUpdateDate>2016-07-18T17:08:31.6792472+08:00</dtFileUpdateDate>
      <iFileSize>116</iFileSize>
      <szMD5val>iICTaikAIWFE2s9azqd7sw==</szMD5val>
      <szProjectdataName>0154000000000000\Counter.col</szProjectdataName>
    </D_History>
    <D_History diffgr:id="D_History64" msdata:rowOrder="63" diffgr:hasChanges="inserted">
      <iID>67</iID>
      <iProjectdataID>67</iProjectdataID>
      <szComment />
      <iEditor>0</iEditor>
      <dtUpdateDate>2016-07-18T17:08:31.7042842+08:00</dtUpdateDate>
      <dtFileTimeStamp>2016-07-18T17:08:31.7042842+08:00</dtFileTimeStamp>
      <dtFileUpdateDate>2016-07-18T17:08:31.7042842+08:00</dtFileUpdateDate>
      <iFileSize>874</iFileSize>
      <szMD5val>xGR+4Xnoj/Pu7Yxr9N2nOA==</szMD5val>
      <szProjectdataName>CounterLabel\Counter.lng</szProjectdataName>
    </D_History>
    <D_History diffgr:id="D_History65" msdata:rowOrder="64" diffgr:hasChanges="inserted">
      <iID>68</iID>
      <iProjectdataID>68</iProjectdataID>
      <szComment />
      <iEditor>0</iEditor>
      <dtUpdateDate>2016-07-18T17:08:31.7242951+08:00</dtUpdateDate>
      <dtFileTimeStamp>2016-07-18T17:08:31.7242951+08:00</dtFileTimeStamp>
      <dtFileUpdateDate>2016-07-18T17:08:31.7242951+08:00</dtFileUpdateDate>
      <iFileSize>1130</iFileSize>
      <szMD5val>JjoyN4YAA29nlTENUNCE/Q==</szMD5val>
      <szProjectdataName>CounterLabel\Counter.lgv</szProjectdataName>
    </D_History>
    <D_History diffgr:id="D_History66" msdata:rowOrder="65" diffgr:hasChanges="inserted">
      <iID>69</iID>
      <iProjectdataID>69</iProjectdataID>
      <szComment />
      <iEditor>0</iEditor>
      <dtUpdateDate>2016-07-18T17:08:31.7443094+08:00</dtUpdateDate>
      <dtFileTimeStamp>2016-07-18T17:08:31.7443094+08:00</dtFileTimeStamp>
      <dtFileUpdateDate>2016-07-18T17:08:31.7443094+08:00</dtFileUpdateDate>
      <iFileSize>108</iFileSize>
      <szMD5val>LYcEU66ohVb7+N2wMk+75g==</szMD5val>
      <szProjectdataName>0156000000000001\Counter.col</szProjectdataName>
    </D_History>
    <D_History diffgr:id="D_History67" msdata:rowOrder="66" diffgr:hasChanges="inserted">
      <iID>70</iID>
      <iProjectdataID>70</iProjectdataID>
      <szComment />
      <iEditor>0</iEditor>
      <dtUpdateDate>2016-07-18T17:08:31.765309+08:00</dtUpdateDate>
      <dtFileTimeStamp>2016-07-18T17:08:31.765309+08:00</dtFileTimeStamp>
      <dtFileUpdateDate>2016-07-18T17:08:31.765309+08:00</dtFileUpdateDate>
      <iFileSize>126</iFileSize>
      <szMD5val>KlsSNUZsViE50JbPRjaIpQ==</szMD5val>
      <szProjectdataName>CounterFB.Variables\Counter.lnl</szProjectdataName>
    </D_History>
    <D_History diffgr:id="D_History68" msdata:rowOrder="67" diffgr:hasChanges="inserted">
      <iID>71</iID>
      <iProjectdataID>71</iProjectdataID>
      <szComment />
      <iEditor>0</iEditor>
      <dtUpdateDate>2016-07-18T17:08:31.7853437+08:00</dtUpdateDate>
      <dtFileTimeStamp>2016-07-18T17:08:31.7853437+08:00</dtFileTimeStamp>
      <dtFileUpdateDate>2016-07-18T17:08:31.7853437+08:00</dtFileUpdateDate>
      <iFileSize>152</iFileSize>
      <szMD5val>Snr0yzgDuEOHgZ7L1GO+4g==</szMD5val>
      <szProjectdataName>CounterFB.Variables\Counter.llv</szProjectdataName>
    </D_History>
    <D_History diffgr:id="D_History69" msdata:rowOrder="68" diffgr:hasChanges="inserted">
      <iID>72</iID>
      <iProjectdataID>72</iProjectdataID>
      <szComment />
      <iEditor>0</iEditor>
      <dtUpdateDate>2016-07-18T17:08:31.807358+08:00</dtUpdateDate>
      <dtFileTimeStamp>2016-07-18T17:08:31.8063573+08:00</dtFileTimeStamp>
      <dtFileUpdateDate>2016-07-18T17:08:31.807358+08:00</dtFileUpdateDate>
      <iFileSize>3287</iFileSize>
      <szMD5val>Vb3fEK7l5t/wnOANfZGSYw==</szMD5val>
      <szProjectdataName>CounterFB.Program\Counter.lnb</szProjectdataName>
    </D_History>
    <D_History diffgr:id="D_History70" msdata:rowOrder="69" diffgr:hasChanges="inserted">
      <iID>73</iID>
      <iProjectdataID>73</iProjectdataID>
      <szComment />
      <iEditor>0</iEditor>
      <dtUpdateDate>2016-07-18T17:08:31.8273527+08:00</dtUpdateDate>
      <dtFileTimeStamp>2016-07-18T17:08:31.8263538+08:00</dtFileTimeStamp>
      <dtFileUpdateDate>2016-07-18T17:08:31.8273527+08:00</dtFileUpdateDate>
      <iFileSize>2658</iFileSize>
      <szMD5val>MMEd4PaZYgA0cczM60tpOA==</szMD5val>
      <szProjectdataName>CounterFB.Program\Counter.lbo</szProjectdataName>
    </D_History>
    <D_History diffgr:id="D_History71" msdata:rowOrder="70" diffgr:hasChanges="inserted">
      <iID>74</iID>
      <iProjectdataID>74</iProjectdataID>
      <szComment />
      <iEditor>0</iEditor>
      <dtUpdateDate>2016-07-18T17:08:31.8463867+08:00</dtUpdateDate>
      <dtFileTimeStamp>2016-07-18T17:08:31.8463867+08:00</dtFileTimeStamp>
      <dtFileUpdateDate>2016-07-18T17:08:31.8463867+08:00</dtFileUpdateDate>
      <iFileSize>234</iFileSize>
      <szMD5val>9G1sG/O4MTV17iiUifVNmg==</szMD5val>
      <szProjectdataName>MachineStopCount.Variables\Counter.lnl</szProjectdataName>
    </D_History>
    <D_History diffgr:id="D_History72" msdata:rowOrder="71" diffgr:hasChanges="inserted">
      <iID>75</iID>
      <iProjectdataID>75</iProjectdataID>
      <szComment />
      <iEditor>0</iEditor>
      <dtUpdateDate>2016-07-18T17:08:31.8693831+08:00</dtUpdateDate>
      <dtFileTimeStamp>2016-07-18T17:08:31.8693831+08:00</dtFileTimeStamp>
      <dtFileUpdateDate>2016-07-18T17:08:31.8693831+08:00</dtFileUpdateDate>
      <iFileSize>282</iFileSize>
      <szMD5val>myC5DvO6JWi4j2zZBfwkEw==</szMD5val>
      <szProjectdataName>MachineStopCount.Variables\Counter.llv</szProjectdataName>
    </D_History>
    <D_History diffgr:id="D_History73" msdata:rowOrder="72" diffgr:hasChanges="inserted">
      <iID>76</iID>
      <iProjectdataID>76</iProjectdataID>
      <szComment />
      <iEditor>0</iEditor>
      <dtUpdateDate>2016-07-18T17:08:31.8913983+08:00</dtUpdateDate>
      <dtFileTimeStamp>2016-07-18T17:08:31.8913983+08:00</dtFileTimeStamp>
      <dtFileUpdateDate>2016-07-18T17:08:31.8913983+08:00</dtFileUpdateDate>
      <iFileSize>2095</iFileSize>
      <szMD5val>hOXhxoqyw2GNl74n7fWURw==</szMD5val>
      <szProjectdataName>MachineStopCount.Program\Counter.lnb</szProjectdataName>
    </D_History>
    <D_History diffgr:id="D_History74" msdata:rowOrder="73" diffgr:hasChanges="inserted">
      <iID>77</iID>
      <iProjectdataID>77</iProjectdataID>
      <szComment />
      <iEditor>0</iEditor>
      <dtUpdateDate>2016-07-18T17:08:31.9104118+08:00</dtUpdateDate>
      <dtFileTimeStamp>2016-07-18T17:08:31.9104118+08:00</dtFileTimeStamp>
      <dtFileUpdateDate>2016-07-18T17:08:31.9104118+08:00</dtFileUpdateDate>
      <iFileSize>1640</iFileSize>
      <szMD5val>sKeI5ya+OpnAyTvBFVqmLg==</szMD5val>
      <szProjectdataName>MachineStopCount.Program\Counter.lbo</szProjectdataName>
    </D_History>
    <D_History diffgr:id="D_History75" msdata:rowOrder="74" diffgr:hasChanges="inserted">
      <iID>78</iID>
      <iProjectdataID>78</iProjectdataID>
      <szComment />
      <iEditor>0</iEditor>
      <dtUpdateDate>2016-07-18T17:08:31.9314459+08:00</dtUpdateDate>
      <dtFileTimeStamp>2016-07-18T17:08:31.9314459+08:00</dtFileTimeStamp>
      <dtFileUpdateDate>2016-07-18T17:08:31.9314459+08:00</dtFileUpdateDate>
      <iFileSize>246</iFileSize>
      <szMD5val>+7uzvhY+pb4jkgxono0sxg==</szMD5val>
      <szProjectdataName>Over3TimesStopMachine.Variables\Counter.lnl</szProjectdataName>
    </D_History>
    <D_History diffgr:id="D_History76" msdata:rowOrder="75" diffgr:hasChanges="inserted">
      <iID>79</iID>
      <iProjectdataID>79</iProjectdataID>
      <szComment />
      <iEditor>0</iEditor>
      <dtUpdateDate>2016-07-18T17:08:31.9854652+08:00</dtUpdateDate>
      <dtFileTimeStamp>2016-07-18T17:08:31.9854652+08:00</dtFileTimeStamp>
      <dtFileUpdateDate>2016-07-18T17:08:31.9854652+08:00</dtFileUpdateDate>
      <iFileSize>294</iFileSize>
      <szMD5val>kNuZYxARpuO9724HcE5qkw==</szMD5val>
      <szProjectdataName>Over3TimesStopMachine.Variables\Counter.llv</szProjectdataName>
    </D_History>
    <D_History diffgr:id="D_History77" msdata:rowOrder="76" diffgr:hasChanges="inserted">
      <iID>80</iID>
      <iProjectdataID>80</iProjectdataID>
      <szComment />
      <iEditor>0</iEditor>
      <dtUpdateDate>2016-07-18T17:08:32.0054795+08:00</dtUpdateDate>
      <dtFileTimeStamp>2016-07-18T17:08:32.0054795+08:00</dtFileTimeStamp>
      <dtFileUpdateDate>2016-07-18T17:08:32.0054795+08:00</dtFileUpdateDate>
      <iFileSize>2295</iFileSize>
      <szMD5val>bw9K1jpdtEnuV4FGXkE25Q==</szMD5val>
      <szProjectdataName>Over3TimesStopMachine.Program\Counter.lnb</szProjectdataName>
    </D_History>
    <D_History diffgr:id="D_History78" msdata:rowOrder="77" diffgr:hasChanges="inserted">
      <iID>81</iID>
      <iProjectdataID>81</iProjectdataID>
      <szComment />
      <iEditor>0</iEditor>
      <dtUpdateDate>2016-07-18T17:08:32.0244949+08:00</dtUpdateDate>
      <dtFileTimeStamp>2016-07-18T17:08:32.0244949+08:00</dtFileTimeStamp>
      <dtFileUpdateDate>2016-07-18T17:08:32.0244949+08:00</dtFileUpdateDate>
      <iFileSize>1814</iFileSize>
      <szMD5val>oTmUWd2wSqJgFzojrVF3sQ==</szMD5val>
      <szProjectdataName>Over3TimesStopMachine.Program\Counter.lbo</szProjectdataName>
    </D_History>
    <D_History diffgr:id="D_History79" msdata:rowOrder="78" diffgr:hasChanges="inserted">
      <iID>82</iID>
      <iProjectdataID>82</iProjectdataID>
      <szComment />
      <iEditor>0</iEditor>
      <dtUpdateDate>2016-07-26T16:31:28.0466256+08:00</dtUpdateDate>
      <dtFileTimeStamp>2016-07-19T20:59:27.1535397+08:00</dtFileTimeStamp>
      <dtFileUpdateDate>2016-07-26T16:31:28.0466256+08:00</dtFileUpdateDate>
      <iFileSize>814</iFileSize>
      <szMD5val>URoeUgHzbgyPEFV9MOXFQg==</szMD5val>
      <szProjectdataName>ERROR.gh</szProjectdataName>
    </D_History>
    <D_History diffgr:id="D_History80" msdata:rowOrder="79" diffgr:hasChanges="inserted">
      <iID>87</iID>
      <iProjectdataID>87</iProjectdataID>
      <szComment />
      <iEditor>0</iEditor>
      <dtUpdateDate>2016-07-26T16:31:28.1396912+08:00</dtUpdateDate>
      <dtFileTimeStamp>2016-07-20T19:37:31.4498337+08:00</dtFileTimeStamp>
      <dtFileUpdateDate>2016-07-26T16:31:28.1396912+08:00</dtFileUpdateDate>
      <iFileSize>7574</iFileSize>
      <szMD5val>14hEXYDu6dJhyz+h1kJqAw==</szMD5val>
      <szProjectdataName>First_Screw1.Labels.lh</szProjectdataName>
    </D_History>
    <D_History diffgr:id="D_History81" msdata:rowOrder="80" diffgr:hasChanges="inserted">
      <iID>88</iID>
      <iProjectdataID>88</iProjectdataID>
      <szComment />
      <iEditor>0</iEditor>
      <dtUpdateDate>2016-07-26T16:31:28.1567066+08:00</dtUpdateDate>
      <dtFileTimeStamp>2016-07-20T19:37:31.4858398+08:00</dtFileTimeStamp>
      <dtFileUpdateDate>2016-07-26T16:31:28.1567066+08:00</dtFileUpdateDate>
      <iFileSize>38519</iFileSize>
      <szMD5val>Hat6b9SLISb3ZT7hwV7ZaQ==</szMD5val>
      <szProjectdataName>First_Screw1.Program.pou</szProjectdataName>
    </D_History>
    <D_History diffgr:id="D_History82" msdata:rowOrder="81" diffgr:hasChanges="inserted">
      <iID>21</iID>
      <iProjectdataID>21</iProjectdataID>
      <szComment />
      <iEditor>0</iEditor>
      <dtUpdateDate>2016-07-22T09:01:55.8174749+08:00</dtUpdateDate>
      <dtFileTimeStamp>2016-07-21T15:56:59.3758423+08:00</dtFileTimeStamp>
      <dtFileUpdateDate>2016-07-22T09:01:55.8174749+08:00</dtFileUpdateDate>
      <iFileSize>2664</iFileSize>
      <szMD5val>Dv1xmb1WgLA4y6ITXt8XEQ==</szMD5val>
      <szProjectdataName>Reverse.Labels.lh</szProjectdataName>
    </D_History>
    <D_History diffgr:id="D_History83" msdata:rowOrder="82" diffgr:hasChanges="inserted">
      <iID>22</iID>
      <iProjectdataID>22</iProjectdataID>
      <szComment />
      <iEditor>0</iEditor>
      <dtUpdateDate>2016-07-22T09:01:55.8355045+08:00</dtUpdateDate>
      <dtFileTimeStamp>2016-07-21T15:56:59.3948591+08:00</dtFileTimeStamp>
      <dtFileUpdateDate>2016-07-22T09:01:55.8355045+08:00</dtFileUpdateDate>
      <iFileSize>10489</iFileSize>
      <szMD5val>VQpFw4wbYYToodIvecDmqw==</szMD5val>
      <szProjectdataName>Reverse.Program.pou</szProjectdataName>
    </D_History>
    <D_History diffgr:id="D_History84" msdata:rowOrder="83" diffgr:hasChanges="inserted">
      <iID>89</iID>
      <iProjectdataID>89</iProjectdataID>
      <szComment />
      <iEditor>0</iEditor>
      <dtUpdateDate>2016-07-26T16:31:28.1757364+08:00</dtUpdateDate>
      <dtFileTimeStamp>2016-07-21T15:56:59.4128729+08:00</dtFileTimeStamp>
      <dtFileUpdateDate>2016-07-26T16:31:28.1757364+08:00</dtFileUpdateDate>
      <iFileSize>7576</iFileSize>
      <szMD5val>FQJyvOHfcwwkRKgbbmv+JQ==</szMD5val>
      <szProjectdataName>Second_Screw1.Labels.lh</szProjectdataName>
    </D_History>
    <D_History diffgr:id="D_History85" msdata:rowOrder="84" diffgr:hasChanges="inserted">
      <iID>90</iID>
      <iProjectdataID>90</iProjectdataID>
      <szComment />
      <iEditor>0</iEditor>
      <dtUpdateDate>2016-07-26T16:31:28.1927298+08:00</dtUpdateDate>
      <dtFileTimeStamp>2016-07-21T15:56:59.4298813+08:00</dtFileTimeStamp>
      <dtFileUpdateDate>2016-07-26T16:31:28.1927298+08:00</dtFileUpdateDate>
      <iFileSize>38679</iFileSize>
      <szMD5val>gVCpqdP2Hb4bYS/hBXvSDQ==</szMD5val>
      <szProjectdataName>Second_Screw1.Program.pou</szProjectdataName>
    </D_History>
    <D_History diffgr:id="D_History86" msdata:rowOrder="85" diffgr:hasChanges="inserted">
      <iID>83</iID>
      <iProjectdataID>83</iProjectdataID>
      <szComment />
      <iEditor>0</iEditor>
      <dtUpdateDate>2016-07-26T13:41:27.3199197+08:00</dtUpdateDate>
      <dtFileTimeStamp>2016-07-22T09:01:55.8895434+08:00</dtFileTimeStamp>
      <dtFileUpdateDate>2016-07-26T13:41:27.3199197+08:00</dtFileUpdateDate>
      <iFileSize>806</iFileSize>
      <szMD5val>diHq9h+KKfk/X15TGF/U8w==</szMD5val>
      <szProjectdataName>Clear_Type.Labels.lh</szProjectdataName>
    </D_History>
    <D_History diffgr:id="D_History87" msdata:rowOrder="86" diffgr:hasChanges="inserted">
      <iID>84</iID>
      <iProjectdataID>84</iProjectdataID>
      <szComment />
      <iEditor>0</iEditor>
      <dtUpdateDate>2016-07-26T13:41:27.3369327+08:00</dtUpdateDate>
      <dtFileTimeStamp>2016-07-22T09:01:55.9075558+08:00</dtFileTimeStamp>
      <dtFileUpdateDate>2016-07-26T13:41:27.3369327+08:00</dtFileUpdateDate>
      <iFileSize>5035</iFileSize>
      <szMD5val>PuD/zJDfJ9PROLyAwi7MUg==</szMD5val>
      <szProjectdataName>Clear_Type.Program.pou</szProjectdataName>
    </D_History>
    <D_History diffgr:id="D_History89" msdata:rowOrder="87" diffgr:hasChanges="inserted">
      <iID>53</iID>
      <iProjectdataID>53</iProjectdataID>
      <szComment />
      <iEditor>0</iEditor>
      <dtFileTimeStamp>2016-07-27T16:36:02.9900537+08:00</dtFileTimeStamp>
      <szMD5val />
      <szProjectdataName>Project.gd2</szProjectdataName>
    </D_History>
    <D_DBVersion diffgr:id="D_DBVersion4" msdata:rowOrder="0" diffgr:hasChanges="inserted">
      <iSupportVersion>1</iSupportVersion>
      <iCreateVersion>1</iCreateVersion>
    </D_DBVersion>
  </DSHISTORY>
</diffgr:diffgram>