<diffgr:diffgram xmlns:msdata="urn:schemas-microsoft-com:xml-msdata" xmlns:diffgr="urn:schemas-microsoft-com:xml-diffgram-v1">
  <DSPROJECT>
    <D_Project diffgr:id="D_Project1" msdata:rowOrder="0" diffgr:hasChanges="inserted">
      <iID>1</iID>
      <szName>16-405</szName>
      <dtCreateDate>2016-06-30T17:09:55.8209274+08:00</dtCreateDate>
      <iProjectAttributeID>1</iProjectAttributeID>
      <bUserManage>false</bUserManage>
    </D_Project>
    <D_Project diffgr:id="D_Project2" msdata:rowOrder="1" diffgr:hasChanges="inserted">
      <iID>2</iID>
      <szName>16-405_20160720</szName>
      <dtCreateDate>2016-07-20T10:25:30.4856217+08:00</dtCreateDate>
      <iProjectAttributeID>1</iProjectAttributeID>
      <bUserManage>false</bUserManage>
    </D_Project>
    <D_Project diffgr:id="D_Project3" msdata:rowOrder="2" diffgr:hasChanges="inserted">
      <iID>3</iID>
      <szName>16-405_20160726</szName>
      <dtCreateDate>2016-07-26T13:41:26.068034+08:00</dtCreateDate>
      <iProjectAttributeID>1</iProjectAttributeID>
      <bUserManage>false</bUserManage>
    </D_Project>
    <D_Project diffgr:id="D_Project4" msdata:rowOrder="3" diffgr:hasChanges="inserted">
      <iID>4</iID>
      <szName>16-405_20160726_1</szName>
      <dtCreateDate>2016-07-26T16:32:09.3899996+08:00</dtCreateDate>
      <iProjectAttributeID>1</iProjectAttributeID>
      <bUserManage>false</bUserManage>
    </D_Project>
    <D_Project diffgr:id="D_Project5" msdata:rowOrder="4" diffgr:hasChanges="inserted">
      <iID>5</iID>
      <szName>16-405_20160727</szName>
      <dtCreateDate>2016-07-27T10:21:14.6465305+08:00</dtCreateDate>
      <iProjectAttributeID>1</iProjectAttributeID>
      <bUserManage>false</bUserManage>
    </D_Project>
    <D_DBVersion diffgr:id="D_DBVersion2" msdata:rowOrder="0" diffgr:hasChanges="inserted">
      <iSupportVersion>1</iSupportVersion>
      <iCreateVersion>1</iCreateVersion>
    </D_DBVersion>
  </DSPROJECT>
</diffgr:diffgram>